ID,Sex,Marital status,Age,Income,Settlement size,Education_highschool,Education_other_unknown,Education_university,Occupation_skilledemployee_official,Occupation_unemployed_unskilled
1,0,0,67,124670,2,False,False,True,True,False
2,1,1,22,150773,2,True,False,False,True,False
3,0,0,49,89210,0,True,False,False,False,True
4,0,0,45,171565,1,True,False,False,True,False
5,0,0,53,149031,1,True,False,False,True,False
6,0,0,35,144848,0,True,False,False,False,True
7,0,0,53,156495,1,True,False,False,True,False
8,0,0,35,193621,1,True,False,False,False,False
9,0,1,61,151591,0,False,False,True,False,True
10,0,1,28,174646,0,True,False,False,False,False
11,1,1,25,108469,0,True,False,False,True,False
12,1,1,24,127596,0,True,False,False,True,False
13,1,1,22,108687,2,True,False,False,True,False
14,0,0,60,89374,0,False,False,True,False,True
15,1,1,28,102899,1,True,False,False,True,False
16,1,1,32,88428,0,True,False,False,False,True
17,0,0,53,125550,0,True,False,False,True,False
18,0,0,25,157434,2,False,True,False,True,False
19,1,1,44,261952,2,False,False,True,False,False
20,0,0,31,144657,1,False,True,False,True,False
21,0,0,48,118777,1,True,False,False,True,False
22,0,0,44,147511,1,True,False,False,True,False
23,0,0,48,89804,0,True,False,False,False,True
24,0,0,44,134918,2,True,False,False,True,False
25,0,1,26,103667,2,True,False,False,True,False
26,0,0,36,71909,0,True,False,False,False,True
27,0,1,39,68264,0,True,False,False,False,True
28,1,1,42,163025,1,False,False,True,True,False
29,0,0,34,119307,1,True,False,False,True,False
30,0,0,63,175882,0,False,False,True,True,False
31,0,1,36,159646,1,True,False,False,True,False
32,0,0,27,120131,1,False,True,False,True,False
33,0,0,30,162745,2,False,True,False,True,False
34,0,0,57,87605,0,False,False,True,False,True
35,1,1,33,155569,1,True,False,False,False,False
36,0,0,25,104505,0,False,True,False,False,True
37,0,0,31,143385,2,False,True,False,True,False
38,0,0,37,127676,1,True,False,False,True,False
39,0,0,37,119276,1,True,False,False,True,False
40,0,0,24,92542,1,False,True,False,True,False
41,0,0,30,163329,1,False,True,False,False,False
42,0,1,26,130921,0,True,False,False,True,False
43,0,0,44,133658,0,True,False,False,False,True
44,0,1,24,155104,1,True,False,False,True,False
45,1,1,58,142335,1,False,False,True,False,True
46,1,1,35,138387,1,True,False,False,False,False
47,0,0,39,140182,0,True,False,False,True,False
48,1,1,23,65421,0,True,False,False,False,True
49,0,0,39,130500,0,True,False,False,False,True
50,1,1,28,122831,0,True,False,False,True,False
51,0,0,29,84531,0,False,True,False,False,True
52,0,0,30,180196,2,False,True,False,False,False
53,0,0,25,92058,2,False,True,False,True,False
54,0,0,31,117158,0,False,True,False,True,False
55,0,0,57,135830,1,False,False,True,True,False
56,0,0,26,58258,0,False,True,False,False,True
57,0,0,52,202575,2,True,False,False,False,False
58,1,1,31,183657,1,True,False,False,True,False
59,1,1,23,152267,1,True,False,False,False,False
60,1,1,23,115240,0,True,False,False,False,True
61,0,1,27,106955,2,True,False,False,True,False
62,0,0,50,123641,1,True,False,False,True,False
63,0,0,61,166410,1,False,False,True,False,False
64,0,0,25,227385,2,False,True,False,True,False
65,1,1,26,118372,1,True,False,False,True,False
66,0,0,48,148115,1,True,False,False,True,False
67,1,1,29,111069,0,True,False,False,True,False
68,0,1,22,139780,0,True,False,False,True,False
69,0,0,37,106978,2,True,False,False,True,False
70,1,1,25,110019,2,True,False,False,True,False
71,1,1,30,169102,1,True,False,False,True,False
72,0,0,46,73703,0,True,False,False,False,True
73,0,0,51,141858,2,True,False,False,False,False
74,1,1,41,135959,0,False,False,True,False,True
75,0,0,40,140888,2,True,False,False,False,False
76,0,0,66,157299,2,False,False,True,False,False
77,0,0,34,125187,1,True,False,False,True,False
78,0,0,51,155486,2,True,False,False,True,False
79,0,0,39,151697,0,True,False,False,False,True
80,0,1,22,126400,1,True,False,False,True,False
81,1,1,44,159246,2,False,False,True,True,False
82,0,0,47,136138,1,True,False,False,True,False
83,1,1,24,84792,0,True,False,False,False,True
84,1,1,58,100210,0,False,False,True,False,True
85,0,0,52,93706,0,True,False,False,False,True
86,1,1,29,133783,1,True,False,False,False,False
87,1,1,27,110064,2,True,False,False,True,False
88,0,0,47,241068,1,True,False,False,True,False
89,0,0,30,149022,2,False,True,False,False,False
90,0,0,28,92973,2,False,True,False,True,False
91,0,0,56,110605,1,True,False,False,True,False
92,0,0,54,116604,1,True,False,False,True,False
93,1,1,33,71070,0,True,False,False,False,True
94,0,0,20,128678,1,False,True,False,True,False
95,0,0,54,165230,2,True,False,False,True,False
96,0,0,58,268340,1,False,False,True,True,False
97,1,1,61,135070,1,False,False,True,True,False
98,0,0,34,134794,2,True,False,False,True,False
99,0,0,36,120153,1,True,False,False,True,False
100,0,0,36,195465,2,True,False,False,False,False
101,0,1,41,93372,0,True,False,False,False,True
102,0,0,24,110446,0,False,True,False,True,False
103,1,1,24,95186,1,True,False,False,True,False
104,0,0,35,115343,1,True,False,False,True,False
105,0,1,26,107276,1,True,False,False,True,False
106,0,0,39,244716,2,True,False,False,False,False
107,0,0,39,183108,2,True,False,False,False,False
108,0,0,32,152876,2,False,True,False,True,False
109,1,1,30,165147,0,True,False,False,True,False
110,0,1,35,140520,0,True,False,False,True,False
111,0,1,31,124203,1,True,False,False,True,False
112,1,1,23,107205,1,True,False,False,True,False
113,0,0,28,121432,2,False,True,False,False,True
114,1,1,25,162445,0,True,False,False,True,False
115,0,1,35,134112,1,True,False,False,True,False
116,0,0,47,131842,1,True,False,False,True,False
117,1,1,30,189896,0,True,False,False,False,False
118,1,1,27,109099,2,True,False,False,True,False
119,1,1,23,153539,1,True,False,False,True,False
120,0,1,36,180495,1,True,False,False,False,False
121,1,1,25,104653,2,True,False,False,True,False
122,1,1,41,166933,2,False,False,True,False,False
123,0,0,24,66118,0,False,True,False,False,True
124,0,0,63,135754,0,False,False,True,True,False
125,1,1,27,116103,2,True,False,False,True,False
126,0,0,30,104293,1,False,True,False,True,False
127,0,1,40,71702,0,True,False,False,False,True
128,0,0,30,99066,2,False,True,False,True,False
129,0,0,34,143979,2,True,False,False,False,False
130,1,1,29,123818,0,True,False,False,True,False
131,1,1,24,176714,2,True,False,False,True,False
132,0,0,29,149249,2,False,True,False,True,False
133,0,0,27,77535,0,False,True,False,False,True
134,0,0,47,116540,1,True,False,False,True,False
135,1,1,21,194728,0,True,False,False,True,False
136,1,1,38,109311,2,True,False,False,True,False
137,0,0,27,204723,2,False,True,False,True,False
138,0,0,66,126003,0,False,False,True,False,True
139,0,0,35,123109,1,True,False,False,True,False
140,1,1,44,108251,0,False,False,True,False,True
141,0,1,27,89908,0,True,False,False,False,True
142,1,1,30,176057,1,True,False,False,False,False
143,0,0,27,144332,2,False,True,False,False,False
144,0,0,22,101185,1,False,True,False,True,False
145,1,1,23,107406,2,True,False,False,True,False
146,0,0,30,140665,1,False,True,False,True,False
147,1,1,39,106461,0,False,False,True,True,False
148,1,1,51,127825,0,False,False,True,True,False
149,0,0,28,133898,1,False,True,False,True,False
150,0,0,46,152383,2,True,False,False,True,False
151,0,0,42,119926,0,True,False,False,True,False
152,0,0,38,108784,2,True,False,False,True,False
153,0,0,24,153286,1,False,True,False,True,False
154,1,1,29,214204,2,True,False,False,True,False
155,0,0,36,208101,2,True,False,False,False,False
156,1,1,20,95355,1,True,False,False,True,False
157,0,0,48,124156,1,True,False,False,True,False
158,0,1,45,72215,0,False,False,True,False,True
159,0,0,38,146529,2,True,False,False,True,False
160,0,0,34,75343,0,True,False,False,False,True
161,0,0,36,129789,1,True,False,False,True,False
162,1,1,30,101153,1,True,False,False,True,False
163,0,0,36,127833,2,True,False,False,True,False
164,0,0,70,224998,2,False,False,True,False,False
165,0,0,36,124445,2,True,False,False,True,False
166,0,0,32,141116,1,False,True,False,True,False
167,1,1,33,104276,2,True,False,False,True,False
168,1,1,20,147687,2,True,False,False,True,False
169,1,1,25,125168,1,True,False,False,True,False
170,0,1,31,115369,2,True,False,False,True,False
171,0,0,33,95445,0,True,False,False,True,False
172,1,1,26,95159,1,True,False,False,True,False
173,1,1,34,153031,2,True,False,False,False,False
174,0,0,33,108899,0,True,False,False,True,False
175,0,0,26,113515,1,False,True,False,True,False
176,1,1,53,211229,0,False,False,True,False,False
177,0,1,42,121307,0,False,False,True,True,False
178,0,0,52,131727,2,True,False,False,True,False
179,0,0,31,133574,1,False,True,False,False,False
180,0,0,65,117334,0,False,False,True,True,False
181,0,1,28,177291,2,True,False,False,True,False
182,0,1,30,168763,1,True,False,False,False,False
183,0,0,40,77720,0,True,False,False,False,True
184,0,0,50,176645,2,True,False,False,True,False
185,0,0,36,106205,1,True,False,False,True,False
186,0,0,31,97785,1,False,True,False,True,False
187,1,1,74,214364,1,False,False,False,False,False
188,0,0,68,74525,0,False,False,True,False,True
189,0,1,20,98988,0,True,False,False,True,False
190,1,1,33,133561,1,True,False,False,True,False
191,0,0,54,217651,2,True,False,False,False,False
192,0,0,34,116525,0,True,False,False,False,True
193,0,0,36,135302,2,True,False,False,True,False
194,0,1,29,106434,1,True,False,False,True,False
195,0,0,21,128350,2,False,True,False,True,False
196,1,1,34,147626,2,True,False,False,False,False
197,1,1,28,102697,0,True,False,False,True,False
198,1,1,27,120262,0,True,False,False,True,False
199,0,0,36,124214,2,True,False,False,True,False
200,0,1,40,175223,1,True,False,False,False,False
201,0,0,52,137467,0,True,False,False,True,False
202,0,1,27,65815,0,True,False,False,False,True
203,0,0,26,129864,1,False,True,False,True,False
204,0,1,21,88475,1,True,False,False,True,False
205,0,0,38,74666,0,True,False,False,False,True
206,0,0,38,222294,2,True,False,False,False,False
207,0,0,43,112878,0,True,False,False,True,False
208,0,0,26,103411,2,False,True,False,True,False
209,0,1,21,112868,0,True,False,False,False,True
210,0,0,55,157940,2,True,False,False,True,False
211,0,0,33,115835,2,True,False,False,True,False
212,1,1,45,109807,0,False,False,True,False,True
213,0,0,50,150699,1,True,False,False,True,False
214,0,0,66,178967,0,False,False,True,False,False
215,0,0,51,132767,0,True,False,False,True,False
216,1,1,39,86152,0,False,False,True,False,True
217,0,0,31,114528,2,False,True,False,True,False
218,0,0,23,133912,1,False,True,False,True,False
219,0,1,24,81210,0,True,False,False,False,True
220,1,1,64,131242,0,False,False,False,True,False
221,0,1,26,68804,0,True,False,False,False,True
222,1,1,23,96961,1,True,False,False,True,False
223,0,0,30,90719,2,False,True,False,True,False
224,0,0,32,114116,1,False,True,False,True,False
225,0,0,30,128639,1,False,True,False,True,False
226,0,0,27,106623,1,False,True,False,True,False
227,0,0,27,236264,1,False,True,False,True,False
228,0,0,53,207783,1,True,False,False,False,False
229,0,0,22,91739,1,False,True,False,True,False
230,0,0,22,107780,2,False,True,False,True,False
231,0,0,26,139157,2,False,True,False,True,False
232,0,0,51,121751,0,True,False,False,False,True
233,0,0,35,121974,0,True,False,False,True,False
234,0,1,25,70320,0,True,False,False,False,True
235,0,0,42,78327,0,True,False,False,False,True
236,0,0,30,131433,0,False,True,False,False,False
237,0,0,23,167076,2,False,True,False,False,True
238,0,1,61,130788,0,False,False,True,False,True
239,1,1,35,107408,1,True,False,False,True,False
240,0,0,39,115323,1,True,False,False,True,False
241,1,1,29,99012,0,True,False,False,True,False
242,0,0,51,115996,1,True,False,False,True,False
243,0,0,24,123353,1,False,True,False,True,False
244,1,1,27,100008,0,True,False,False,True,False
245,1,1,35,125105,0,True,False,False,False,True
246,0,0,25,92020,2,False,True,False,True,False
247,0,0,52,108365,2,True,False,False,True,False
248,0,0,35,112979,0,True,False,False,True,False
249,0,0,26,117221,1,False,True,False,True,False
250,1,1,22,88800,2,True,False,False,True,False
251,1,1,39,115099,0,False,False,True,False,True
252,1,1,46,113399,0,False,False,True,False,True
253,1,1,24,115879,1,True,False,False,True,False
254,0,0,35,141270,2,True,False,False,True,False
255,0,0,24,107633,1,False,True,False,True,False
256,0,0,27,131751,0,False,True,False,False,True
257,0,0,35,83687,0,True,False,False,False,True
258,0,1,29,106828,2,True,False,False,True,False
259,1,1,23,135537,1,True,False,False,True,False
260,1,1,57,107142,0,False,False,True,False,True
261,0,0,27,97446,1,False,True,False,True,False
262,1,1,55,126357,2,False,False,True,True,False
263,0,0,36,169617,1,True,False,False,False,False
264,1,1,57,108945,0,False,False,True,False,True
265,0,0,32,67345,0,False,True,False,False,True
266,0,0,37,106215,0,True,False,False,True,False
267,0,0,36,149237,0,True,False,False,True,False
268,1,1,38,112124,0,True,False,False,True,False
269,0,1,45,215150,2,False,False,True,False,False
270,0,0,25,89534,1,False,True,False,True,False
271,0,0,32,111082,2,False,True,False,True,False
272,1,1,37,137069,1,True,False,False,True,False
273,0,0,36,244541,2,True,False,False,False,False
274,0,0,28,120712,1,False,True,False,True,False
275,0,1,34,175367,0,True,False,False,False,True
276,0,0,32,111418,1,False,True,False,True,False
277,1,1,26,110913,0,True,False,False,True,False
278,0,1,49,84267,0,False,False,True,False,True
279,1,1,32,136886,2,True,False,False,True,False
280,0,0,29,144884,2,False,True,False,False,False
281,0,0,23,151180,1,False,True,False,True,False
282,0,0,50,114997,1,True,False,False,True,False
283,0,0,49,100961,0,True,False,False,False,True
284,0,0,63,124849,2,False,False,True,True,False
285,0,1,37,152308,2,True,False,False,True,False
286,1,1,35,167945,1,True,False,False,False,True
287,0,0,26,126706,2,False,True,False,True,False
288,0,0,31,210017,2,False,True,False,False,False
289,1,1,49,125665,1,False,False,True,True,False
290,0,1,48,111184,1,False,False,True,True,False
291,0,1,26,94134,0,True,False,False,True,False
292,0,1,28,214620,1,True,False,False,False,False
293,1,1,44,193816,1,False,False,True,False,False
294,0,0,56,168714,1,True,False,False,True,False
295,0,1,46,202997,1,False,False,True,False,False
296,1,1,26,192451,2,True,False,False,True,False
297,1,1,20,127928,2,True,False,False,True,False
298,0,0,45,78253,0,True,False,False,False,True
299,0,0,43,118446,1,True,False,False,True,False
300,0,0,32,161379,2,False,True,False,True,False
301,1,1,54,56622,0,False,False,True,False,True
302,1,1,42,146117,1,False,False,True,True,False
303,0,0,37,90418,0,True,False,False,False,True
304,0,0,49,109053,0,True,False,False,True,False
305,0,0,44,219319,0,True,False,False,True,False
306,0,1,33,144701,1,True,False,False,True,False
307,1,1,24,102425,0,True,False,False,False,True
308,0,1,33,79867,0,True,False,False,False,True
309,1,1,24,107114,2,True,False,False,True,False
310,0,1,22,62263,0,True,False,False,False,True
311,0,0,40,92567,0,True,False,False,False,True
312,0,0,25,146349,0,False,True,False,True,False
313,1,1,26,141825,1,True,False,False,True,False
314,0,1,25,68582,0,True,False,False,False,True
315,0,0,29,85476,0,False,True,False,False,True
316,0,0,31,111091,2,False,True,False,True,False
317,0,0,38,67110,0,True,False,False,False,True
318,1,1,48,126154,0,False,False,True,False,True
319,0,0,32,92257,2,False,True,False,True,False
320,1,1,27,93605,0,True,False,False,False,True
321,0,1,28,165190,0,True,False,False,False,False
322,0,1,32,107195,0,True,False,False,True,False
323,0,0,34,145059,0,True,False,False,False,False
324,0,0,28,148363,0,False,True,False,True,False
325,1,1,36,105681,2,True,False,False,True,False
326,0,0,39,93732,0,True,False,False,False,True
327,0,0,49,154778,2,True,False,False,True,False
328,1,1,34,149356,2,True,False,False,True,False
329,0,0,31,145670,1,False,True,False,True,False
330,0,0,28,101589,2,False,True,False,True,False
331,0,0,75,213333,1,False,False,True,False,False
332,1,1,30,122420,0,True,False,False,True,False
333,1,1,24,209856,1,True,False,False,False,False
334,1,1,24,181003,0,True,False,False,False,True
335,0,0,23,117804,1,False,True,False,True,False
336,0,1,44,160650,1,False,False,True,False,False
337,1,1,23,84611,0,True,False,False,False,True
338,1,1,24,98479,2,True,False,False,True,False
339,0,0,28,122359,2,False,True,False,True,False
340,0,1,31,81394,0,True,False,False,False,True
341,1,1,24,150372,1,True,False,False,True,False
342,1,1,26,92385,0,True,False,False,False,True
343,0,1,25,149851,2,True,False,False,True,False
344,0,0,33,167939,1,True,False,False,False,False
345,0,0,37,115426,0,True,False,False,False,True
346,1,1,43,85402,0,False,False,True,False,True
347,0,0,23,95815,2,False,True,False,True,False
348,1,1,23,97518,0,True,False,False,False,True
349,0,0,34,87355,0,True,False,False,False,True
350,0,0,32,145933,1,False,True,False,True,False
351,1,1,23,97307,0,True,False,False,True,False
352,1,1,29,108434,2,True,False,False,True,False
353,0,0,38,151312,1,True,False,False,False,False
354,0,0,28,141847,1,False,True,False,True,False
355,0,0,46,130675,2,True,False,False,True,False
356,0,0,23,69309,0,False,True,False,False,True
357,0,0,49,121466,2,True,False,False,True,False
358,0,0,26,153586,2,False,True,False,False,False
359,0,1,28,92849,0,True,False,False,True,False
360,1,1,23,108539,2,True,False,False,True,False
361,0,0,61,129556,2,False,False,True,True,False
362,0,0,37,170146,0,True,False,False,False,False
363,1,1,36,135383,1,True,False,False,True,False
364,0,1,21,96769,2,True,False,False,True,False
365,0,0,25,43684,0,False,True,False,False,True
366,0,0,36,103521,0,True,False,False,True,False
367,0,0,27,118499,1,False,True,False,True,False
368,1,1,22,119684,2,True,False,False,True,False
369,0,0,42,126586,1,True,False,False,True,False
370,1,1,40,136812,2,False,False,True,True,False
371,0,0,36,118277,1,True,False,False,True,False
372,0,0,33,144597,1,True,False,False,True,False
373,1,1,23,106043,0,True,False,False,True,False
374,0,0,63,272314,2,False,False,True,False,False
375,1,1,60,309364,2,False,False,True,False,False
376,1,1,37,170386,1,True,False,False,True,False
377,0,1,34,112458,0,True,False,False,True,False
378,0,0,36,96840,1,True,False,False,True,False
379,0,0,57,281923,1,False,False,True,False,False
380,1,1,52,95551,0,False,False,True,False,True
381,0,0,39,112347,2,True,False,False,True,False
382,1,1,38,260977,2,True,False,False,False,False
383,1,1,25,99354,0,True,False,False,True,False
384,0,0,26,111509,2,False,True,False,True,False
385,0,0,26,105252,0,False,True,False,False,True
386,1,1,25,108522,0,True,False,False,True,False
387,1,1,21,94655,1,True,False,False,True,False
388,0,0,40,201699,1,True,False,False,False,False
389,0,0,27,139868,2,False,True,False,True,False
390,1,1,27,102543,1,True,False,False,True,False
391,0,1,30,134467,2,True,False,False,False,False
392,1,1,19,111187,0,True,False,False,False,True
393,0,0,39,152302,1,True,False,False,False,False
394,1,1,31,110610,2,True,False,False,True,False
395,0,0,31,137827,2,False,True,False,False,False
396,0,0,32,220923,2,False,True,False,True,False
397,1,1,55,165717,2,False,False,True,False,False
398,0,1,46,122299,0,False,False,True,True,False
399,0,1,46,120499,0,False,False,True,True,False
400,1,1,43,126449,0,False,False,True,False,True
401,0,1,39,108315,2,True,False,False,True,False
402,0,1,28,112515,1,True,False,False,True,False
403,0,0,27,164559,1,False,True,False,True,False
404,0,0,27,59238,0,False,True,False,False,True
405,0,0,43,131133,0,True,False,False,True,False
406,0,1,22,109188,0,True,False,False,True,False
407,0,0,43,115393,1,True,False,False,True,False
408,0,1,27,94711,2,True,False,False,True,False
409,0,1,26,171860,0,True,False,False,False,False
410,0,1,28,139414,2,True,False,False,True,False
411,1,1,20,110931,1,True,False,False,True,False
412,0,0,35,187549,2,True,False,False,False,False
413,0,0,42,145508,0,True,False,False,False,False
414,0,0,40,104240,0,True,False,False,False,True
415,1,1,35,108272,1,True,False,False,True,False
416,0,0,35,144004,2,True,False,False,True,False
417,0,0,33,81083,0,True,False,False,False,True
418,1,1,23,166763,1,True,False,False,True,False
419,1,1,31,175530,1,True,False,False,False,False
420,1,1,33,112422,1,True,False,False,True,False
421,1,1,20,154134,2,True,False,False,True,False
422,0,0,30,112401,1,False,True,False,True,False
423,0,0,47,85690,0,True,False,False,False,True
424,0,0,34,145896,2,True,False,False,False,False
425,1,1,25,122552,2,True,False,False,True,False
426,0,1,21,115494,2,True,False,False,True,False
427,0,0,29,109467,0,False,True,False,True,False
428,0,0,46,148226,2,True,False,False,True,False
429,0,0,20,88559,1,False,True,False,True,False
430,1,1,55,62393,0,False,False,True,False,True
431,0,0,74,122133,0,False,False,True,False,True
432,0,0,29,230883,2,False,True,False,False,False
433,0,0,36,136689,2,True,False,False,False,False
434,0,1,33,109145,0,True,False,False,True,False
435,0,0,25,100449,2,False,True,False,True,False
436,0,1,25,106253,0,True,False,False,True,False
437,0,1,23,84747,0,True,False,False,False,True
438,1,1,37,149465,1,True,False,False,True,False
439,0,0,65,84435,0,False,False,True,False,True
440,1,1,26,51681,0,True,False,False,False,True
441,0,0,39,139198,1,True,False,False,False,False
442,1,1,30,106577,1,True,False,False,True,False
443,0,0,29,117372,2,False,True,False,True,False
444,0,0,41,69609,0,True,False,False,False,True
445,1,1,30,178947,2,True,False,False,False,False
446,1,1,41,81743,0,False,False,True,False,True
447,1,1,34,111900,1,True,False,False,True,False
448,0,0,35,121650,0,True,False,False,True,False
449,1,1,55,172639,2,False,False,True,False,False
450,0,1,61,175740,1,False,False,True,True,False
451,0,0,30,220050,2,False,True,False,False,False
452,1,1,29,95200,1,True,False,False,True,False
453,0,0,34,113609,1,True,False,False,True,False
454,0,0,35,143552,2,True,False,False,False,False
455,0,0,31,130973,2,False,True,False,True,False
456,1,1,29,145946,2,True,False,False,False,False
457,0,0,36,126206,1,True,False,False,True,False
458,0,0,35,120426,0,True,False,False,True,False
459,1,1,27,91925,2,True,False,False,True,False
460,0,0,32,129630,2,False,True,False,True,False
461,0,0,37,124268,2,True,False,False,True,False
462,0,0,36,105240,1,True,False,False,True,False
463,1,1,34,162180,0,True,False,False,False,False
464,0,0,38,106552,2,True,False,False,True,False
465,0,0,34,105843,2,True,False,False,True,False
466,0,0,63,138327,1,False,False,True,True,False
467,1,1,29,76154,0,True,False,False,False,True
468,0,0,32,155012,1,False,True,False,True,False
469,1,1,26,114369,1,True,False,False,True,False
470,0,0,35,102839,0,True,False,False,False,True
471,0,1,22,132796,0,True,False,False,True,False
472,1,1,23,89742,2,True,False,False,True,False
473,0,0,28,58615,0,False,True,False,False,True
474,0,0,36,130603,2,True,False,False,False,False
475,0,1,33,110340,0,True,False,False,True,False
476,1,1,26,117729,2,True,False,False,True,False
477,0,0,24,130808,0,False,True,False,True,False
478,0,0,25,147402,2,False,True,False,True,False
479,0,0,39,93567,0,True,False,False,False,True
480,0,0,44,109289,1,True,False,False,True,False
481,1,1,23,98742,0,True,False,False,False,True
482,0,0,26,101270,0,False,True,False,True,False
483,1,1,57,187835,1,False,False,True,True,False
484,1,1,30,140741,0,True,False,False,True,False
485,0,0,44,133265,2,True,False,False,True,False
486,0,0,47,148100,2,True,False,False,False,False
487,0,0,52,131021,2,True,False,False,True,False
488,1,1,62,152620,2,False,False,True,True,False
489,0,0,35,85033,0,True,False,False,False,True
490,0,0,26,114514,1,False,True,False,True,False
491,0,0,26,99307,1,False,True,False,True,False
492,1,1,42,219451,2,False,False,True,False,False
493,1,1,27,114007,0,True,False,False,True,False
494,0,0,38,102846,0,True,False,False,True,False
495,0,0,39,81483,0,True,False,False,False,True
496,0,1,20,107779,2,True,False,False,True,False
497,0,0,29,222360,2,False,True,False,False,False
498,0,0,40,107125,0,True,False,False,True,False
499,0,1,32,80080,0,True,False,False,False,True
500,0,1,28,129600,0,True,False,False,True,False
501,1,1,27,118613,1,True,False,False,True,False
502,0,0,42,146237,1,True,False,False,True,False
503,0,1,49,144461,2,False,False,True,True,False
504,0,0,38,124487,0,True,False,False,True,False
505,1,1,24,97826,0,True,False,False,True,False
506,0,0,27,64105,0,False,True,False,False,True
507,0,0,36,156374,2,True,False,False,True,False
508,0,0,34,205383,2,True,False,False,False,False
509,0,1,28,98964,2,True,False,False,True,False
510,0,0,45,221842,2,True,False,False,False,False
511,0,0,26,88027,2,False,True,False,True,False
512,0,0,32,160513,2,False,True,False,False,False
513,0,0,26,124536,2,False,True,False,True,False
514,0,1,20,93634,0,True,False,False,True,False
515,0,0,54,124725,0,True,False,False,True,False
516,1,1,37,102456,0,True,False,False,True,False
517,0,0,40,74975,0,True,False,False,False,True
518,1,1,23,153861,1,True,False,False,True,False
519,0,0,43,119351,2,True,False,False,True,False
520,0,0,36,95438,2,True,False,False,True,False
521,0,0,44,147967,2,True,False,False,True,False
522,1,1,24,116863,1,True,False,False,True,False
523,0,0,53,170622,1,True,False,False,True,False
524,1,1,23,132426,1,True,False,False,True,False
525,1,1,26,77519,0,True,False,False,False,True
526,0,0,30,169405,2,False,True,False,True,False
527,1,1,31,120030,0,True,False,False,True,False
528,0,0,42,77933,0,True,False,False,False,True
529,0,1,31,109892,1,True,False,False,True,False
530,0,0,41,69062,0,True,False,False,False,True
531,0,0,32,116348,0,False,True,False,True,False
532,1,1,28,137188,1,True,False,False,True,False
533,0,1,41,110199,0,True,False,False,True,False
534,0,1,26,109890,1,True,False,False,True,False
535,0,0,25,109751,2,False,True,False,True,False
536,0,1,33,129651,1,True,False,False,True,False
537,1,1,75,170113,1,False,False,False,False,False
538,1,1,37,140285,1,True,False,False,True,False
539,0,0,42,198029,2,True,False,False,False,False
540,1,1,45,120262,0,False,False,True,False,True
541,0,1,23,105137,1,True,False,False,True,False
542,0,0,60,127371,0,False,False,True,True,False
543,0,0,31,145689,0,False,True,False,True,False
544,0,0,34,102617,1,True,False,False,False,True
545,0,0,61,90709,0,False,False,True,False,True
546,0,0,43,107099,1,True,False,False,True,False
547,1,1,37,116021,2,True,False,False,True,False
548,0,0,32,100426,2,False,True,False,True,False
549,1,1,24,62249,0,True,False,False,False,True
550,0,0,35,172957,1,True,False,False,True,False
551,1,1,23,95003,1,True,False,False,True,False
552,0,0,45,109698,0,True,False,False,False,True
553,0,1,34,157376,0,True,False,False,True,False
554,0,0,27,123191,2,False,True,False,True,False
555,1,1,67,171052,0,False,False,False,False,False
556,0,0,22,99328,0,False,True,False,True,False
557,1,1,28,133799,2,True,False,False,True,False
558,1,1,29,138256,2,True,False,False,True,False
559,0,0,27,115638,0,False,True,False,True,False
560,0,0,31,82238,0,False,True,False,False,True
561,0,0,49,127543,1,True,False,False,True,False
562,0,0,24,63987,0,False,True,False,False,True
563,1,1,29,114784,0,True,False,False,True,False
564,0,0,37,217450,1,True,False,False,True,False
565,0,0,37,173751,2,True,False,False,False,False
566,1,1,23,122850,0,True,False,False,True,False
567,0,1,36,104953,0,True,False,False,True,False
568,0,0,34,152371,1,True,False,False,True,False
569,0,0,41,139905,0,True,False,False,True,False
570,1,1,31,156700,1,True,False,False,True,False
571,1,1,23,86488,0,True,False,False,False,True
572,0,0,38,147472,0,True,False,False,True,False
573,1,1,26,169991,0,True,False,False,False,False
574,1,1,22,62381,0,True,False,False,False,True
575,0,0,27,70926,0,False,True,False,False,True
576,1,1,24,113004,1,True,False,False,True,False
577,1,1,27,125760,0,True,False,False,True,False
578,1,1,33,111918,2,True,False,False,True,False
579,0,1,27,120674,1,True,False,False,True,False
580,0,1,27,63597,0,True,False,False,False,True
581,0,0,30,103069,1,False,True,False,True,False
582,0,0,49,108079,0,True,False,False,False,True
583,1,1,26,101159,1,True,False,False,True,False
584,0,0,33,88211,0,True,False,False,False,True
585,1,1,52,159052,1,False,False,True,False,False
586,1,1,20,102623,2,True,False,False,True,False
587,0,0,36,115589,0,True,False,False,True,False
588,0,0,21,59127,0,False,True,False,False,True
589,0,1,47,82240,0,False,False,True,False,True
590,0,0,60,129425,1,False,False,True,True,False
591,1,1,58,87058,0,False,False,True,False,True
592,1,1,42,128462,2,False,False,True,True,False
593,1,1,36,121403,0,True,False,False,False,True
594,1,1,20,88141,0,True,False,False,False,True
595,0,0,40,134946,2,True,False,False,False,False
596,1,1,32,94058,0,True,False,False,False,True
597,1,1,23,99285,1,True,False,False,True,False
598,0,0,36,108432,0,True,False,False,False,True
599,0,0,31,111369,0,False,True,False,True,False
600,0,0,32,122612,2,False,True,False,True,False
601,1,1,45,134350,0,False,False,True,True,False
602,1,1,30,108838,2,True,False,False,True,False
603,1,1,34,90852,0,True,False,False,False,True
604,1,1,28,151580,2,True,False,False,False,False
605,1,1,23,115681,1,True,False,False,True,False
606,0,0,22,131699,1,False,True,False,True,False
607,0,0,74,192481,1,False,False,True,False,False
608,1,1,50,155122,2,False,False,True,True,False
609,0,0,33,106015,2,True,False,False,True,False
610,0,0,45,108378,0,True,False,False,True,False
611,1,1,22,105257,1,True,False,False,True,False
612,1,1,48,118788,0,False,False,True,False,True
613,1,1,29,162955,2,True,False,False,True,False
614,1,1,22,119511,2,True,False,False,True,False
615,1,1,22,102000,0,True,False,False,True,False
616,0,0,48,254449,1,True,False,False,False,False
617,0,0,27,208446,2,False,True,False,False,False
618,0,0,37,124805,0,True,False,False,True,False
619,1,1,21,139379,0,True,False,False,True,False
620,0,1,49,78296,0,False,False,True,False,True
621,0,0,27,125598,1,False,True,False,True,False
622,0,0,32,100215,2,False,True,False,True,False
623,0,1,38,130951,2,True,False,False,True,False
624,1,1,22,102480,2,True,False,False,True,False
625,0,0,65,136812,1,False,False,True,True,False
626,0,0,35,106919,1,True,False,False,True,False
627,0,0,41,131020,2,True,False,False,True,False
628,0,0,29,119429,1,False,True,False,True,False
629,0,0,36,154521,1,True,False,False,True,False
630,0,0,64,117842,0,False,False,True,False,True
631,1,1,28,124566,2,True,False,False,True,False
632,0,0,44,110009,2,True,False,False,True,False
633,0,0,23,101210,1,False,True,False,True,False
634,1,1,19,101258,0,True,False,False,True,False
635,1,1,25,79045,0,True,False,False,False,True
636,0,0,47,110866,0,True,False,False,True,False
637,1,1,28,129640,2,True,False,False,True,False
638,0,0,21,227021,1,False,True,False,True,False
639,1,1,34,108549,1,True,False,False,True,False
640,0,0,26,122693,0,False,True,False,True,False
641,1,1,27,35832,0,True,False,False,False,True
642,0,0,38,81870,0,True,False,False,False,True
643,0,0,40,179790,2,True,False,False,False,False
644,0,1,33,107158,1,True,False,False,True,False
645,0,1,32,136638,1,True,False,False,False,False
646,0,0,27,158147,2,False,True,False,True,False
647,0,1,32,132587,2,True,False,False,True,False
648,1,1,26,128140,2,True,False,False,True,False
649,0,0,38,117405,1,True,False,False,True,False
650,0,0,40,68475,0,True,False,False,False,True
651,0,0,50,201656,2,True,False,False,False,False
652,0,0,37,86967,0,True,False,False,False,True
653,0,0,45,118006,1,True,False,False,True,False
654,0,0,42,223630,2,True,False,False,False,False
655,0,0,35,110442,0,True,False,False,True,False
656,0,0,22,115691,2,False,True,False,True,False
657,0,0,41,80232,0,True,False,False,False,True
658,0,0,37,187647,1,True,False,False,True,False
659,1,1,28,138952,1,True,False,False,True,False
660,0,0,41,162772,2,True,False,False,True,False
661,0,1,23,111862,1,True,False,False,True,False
662,0,1,23,90051,1,True,False,False,True,False
663,0,0,50,121400,1,True,False,False,True,False
664,0,0,35,137000,2,True,False,False,False,False
665,1,1,50,105031,0,False,False,True,False,True
666,0,0,27,172153,2,False,True,False,False,False
667,0,0,34,170184,1,True,False,False,True,False
668,1,1,27,123279,1,True,False,False,True,False
669,0,0,43,140795,0,True,False,False,True,False
670,0,0,47,144456,0,True,False,False,True,False
671,0,0,27,104773,0,False,True,False,False,True
672,0,0,31,153353,1,False,True,False,True,False
673,0,0,42,223018,1,True,False,False,False,False
674,0,1,24,129177,2,True,False,False,True,False
675,0,0,41,114475,1,True,False,False,False,True
676,1,1,26,161323,1,True,False,False,False,False
677,0,0,33,135765,2,True,False,False,True,False
678,0,1,24,158421,0,True,False,False,True,False
679,0,0,64,103941,0,False,False,True,False,True
680,1,1,26,101783,2,True,False,False,True,False
681,1,1,56,126531,1,False,False,True,True,False
682,0,0,37,111394,1,True,False,False,True,False
683,0,1,33,103577,2,True,False,False,True,False
684,0,1,47,149545,1,False,False,True,True,False
685,0,0,31,171857,0,False,True,False,False,True
686,0,0,34,149782,1,True,False,False,True,False
687,0,0,27,112470,1,False,True,False,True,False
688,0,0,30,133907,2,False,True,False,True,False
689,0,0,35,127849,1,True,False,False,True,False
690,0,0,31,160279,2,False,True,False,True,False
691,0,1,25,92366,2,True,False,False,True,False
692,1,1,25,104794,0,True,False,False,False,True
693,0,0,29,133436,1,False,True,False,True,False
694,0,0,44,110374,0,True,False,False,False,True
695,0,0,28,104263,1,False,True,False,True,False
696,0,0,50,138752,0,True,False,False,True,False
697,0,0,29,102723,0,False,True,False,True,False
698,1,1,38,46297,0,True,False,False,False,True
699,0,0,24,96425,1,False,True,False,True,False
700,0,0,40,158197,1,True,False,False,False,False
701,1,1,29,98008,0,True,False,False,False,True
702,0,0,46,157473,0,True,False,False,True,False
703,1,1,47,149306,0,False,False,True,True,False
704,0,0,41,139236,1,True,False,False,True,False
705,1,1,32,125890,2,True,False,False,True,False
706,1,1,35,173124,1,True,False,False,True,False
707,0,0,24,164621,1,False,True,False,True,False
708,1,1,25,124539,1,True,False,False,True,False
709,1,1,25,107614,1,True,False,False,True,False
710,0,0,37,88849,0,True,False,False,False,True
711,0,0,32,148566,2,False,True,False,False,False
712,1,1,35,106515,2,True,False,False,True,False
713,0,0,46,150465,1,True,False,False,False,False
714,0,0,25,60868,0,False,True,False,False,True
715,0,0,27,255198,2,False,True,False,False,False
716,0,0,63,183178,1,False,False,True,True,False
717,0,0,40,121448,2,True,False,False,True,False
718,0,0,32,129975,2,False,True,False,False,False
719,0,0,31,132950,2,False,True,False,True,False
720,0,1,31,169314,1,True,False,False,True,False
721,0,0,34,147958,1,True,False,False,False,False
722,1,1,24,139896,2,True,False,False,True,False
723,1,1,24,68028,0,True,False,False,False,True
724,1,1,66,133328,0,False,False,False,False,True
725,1,1,21,108518,2,True,False,False,True,False
726,1,1,41,112700,0,False,False,True,False,True
727,0,1,47,110190,0,False,False,True,False,True
728,1,1,25,105104,1,True,False,False,True,False
729,1,1,59,184753,1,False,False,True,True,False
730,0,1,36,162521,2,True,False,False,True,False
731,0,0,33,156794,1,True,False,False,True,False
732,0,0,21,65827,0,False,True,False,False,True
733,1,1,44,88490,0,False,False,True,False,True
734,1,1,28,154919,2,True,False,False,True,False
735,1,1,37,129058,0,True,False,False,True,False
736,1,1,29,77532,0,True,False,False,False,True
737,1,1,23,235417,2,True,False,False,False,False
738,0,0,35,113468,0,True,False,False,False,True
739,0,0,45,190803,2,True,False,False,False,False
740,1,1,26,121423,0,True,False,False,False,True
741,0,0,32,121347,1,False,True,False,True,False
742,0,0,23,67408,0,False,True,False,False,True
743,0,0,41,123043,1,True,False,False,True,False
744,0,0,22,128387,2,False,True,False,True,False
745,0,0,30,250050,1,False,True,False,False,False
746,0,0,28,69588,0,False,True,False,False,True
747,1,1,23,109547,1,True,False,False,True,False
748,1,1,37,78840,0,True,False,False,False,True
749,0,0,26,131122,0,False,True,False,True,False
750,0,0,33,115403,1,True,False,False,True,False
751,1,1,49,110291,2,False,False,True,True,False
752,1,1,23,64811,0,True,False,False,False,True
753,1,1,23,86015,0,True,False,False,False,True
754,1,1,25,142438,2,True,False,False,True,False
755,0,0,55,159303,1,True,False,False,True,False
756,1,1,32,104957,1,True,False,False,True,False
757,0,0,74,89502,0,False,False,True,False,True
758,0,0,39,121313,1,True,False,False,True,False
759,0,0,31,98102,0,False,True,False,True,False
760,0,0,35,94554,1,True,False,False,True,False
761,1,1,59,162591,1,False,False,True,True,False
762,1,1,24,106629,2,True,False,False,True,False
763,0,0,24,70400,0,False,True,False,False,True
764,0,0,30,235660,2,False,True,False,False,False
765,0,1,27,121747,2,True,False,False,True,False
766,0,1,40,85060,0,True,False,False,False,True
767,0,1,31,87630,0,True,False,False,False,True
768,1,1,31,119673,0,True,False,False,True,False
769,0,0,28,126060,2,False,True,False,True,False
770,0,0,63,96145,0,False,False,True,False,True
771,1,1,26,114830,0,True,False,False,True,False
772,1,1,25,194461,2,True,False,False,False,False
773,0,0,36,150158,2,True,False,False,False,False
774,0,0,52,136323,2,True,False,False,True,False
775,0,0,66,111858,0,False,False,True,False,True
776,1,1,25,100198,0,True,False,False,True,False
777,0,0,37,123452,2,True,False,False,True,False
778,1,1,25,120723,1,True,False,False,True,False
779,0,0,38,215639,1,True,False,False,False,False
780,1,1,67,166712,1,False,False,False,True,False
781,0,0,25,136300,1,False,True,False,True,False
782,0,0,60,166988,2,False,False,True,True,False
783,0,0,31,77265,0,False,True,False,False,True
784,1,1,23,85967,0,True,False,False,False,True
785,0,1,60,212020,0,False,False,True,False,False
786,0,0,35,126054,0,True,False,False,False,True
787,0,0,40,144589,0,True,False,False,True,False
788,0,0,38,116723,1,True,False,False,True,False
789,0,0,50,168637,1,True,False,False,True,False
790,0,0,27,139119,1,False,True,False,True,False
791,1,1,39,118610,2,False,False,True,True,False
792,0,0,41,183312,2,True,False,False,False,False
793,0,1,27,96323,0,True,False,False,True,False
794,0,1,51,149510,2,False,False,True,True,False
795,0,0,32,141922,2,False,True,False,True,False
796,1,1,22,120233,0,True,False,False,True,False
797,0,0,51,172790,1,True,False,False,True,False
798,1,1,22,66720,0,True,False,False,False,True
799,0,1,54,113024,1,False,False,True,True,False
800,0,0,35,51791,0,True,False,False,False,True
801,0,0,54,118408,2,True,False,False,True,False
802,1,1,48,101616,0,False,False,True,False,True
803,1,1,24,127250,0,True,False,False,True,False
804,0,0,35,97290,0,True,False,False,True,False
805,1,1,24,106970,0,True,False,False,False,True
806,0,0,24,168147,2,False,True,False,True,False
807,0,1,26,68468,0,True,False,False,False,True
808,0,0,65,120780,2,False,False,True,True,False
809,0,0,55,231992,2,True,False,False,False,False
810,1,1,26,53903,0,True,False,False,False,True
811,0,1,26,101511,2,True,False,False,True,False
812,0,1,28,69046,0,True,False,False,False,True
813,0,0,24,171584,1,False,True,False,True,False
814,0,0,54,132367,2,True,False,False,True,False
815,0,0,46,134433,2,True,False,False,True,False
816,1,1,54,190518,0,False,False,True,True,False
817,0,1,62,152367,1,False,False,True,True,False
818,1,1,24,101157,1,True,False,False,True,False
819,0,1,43,279593,2,False,False,True,False,False
820,0,1,26,96716,2,True,False,False,True,False
821,0,1,27,95171,0,True,False,False,True,False
822,0,1,24,129162,2,True,False,False,True,False
823,0,0,41,118742,0,True,False,False,True,False
824,0,0,47,74511,0,True,False,False,False,True
825,0,1,35,157272,1,True,False,False,False,False
826,0,1,30,102374,0,True,False,False,True,False
827,1,1,33,131492,0,True,False,False,True,False
828,0,0,36,128702,2,True,False,False,True,False
829,0,0,47,177509,2,True,False,False,True,False
830,0,0,38,163451,1,True,False,False,True,False
831,0,0,44,144900,1,True,False,False,True,False
832,1,1,23,97115,2,True,False,False,True,False
833,0,0,29,196568,2,False,True,False,True,False
834,1,1,42,158405,0,False,False,True,True,False
835,1,1,25,97376,0,True,False,False,False,True
836,0,0,48,108678,1,True,False,False,True,False
837,1,1,21,92351,0,True,False,False,True,False
838,1,1,23,61211,0,True,False,False,False,True
839,0,0,63,138644,0,False,False,True,True,False
840,0,1,46,124824,2,False,False,True,True,False
841,0,0,29,132852,0,False,True,False,True,False
842,0,0,28,81069,0,False,True,False,False,True
843,1,1,23,104094,2,True,False,False,True,False
844,0,0,50,114853,0,True,False,False,True,False
845,0,0,47,130344,2,True,False,False,True,False
846,0,0,35,135090,0,True,False,False,True,False
847,0,0,68,179151,2,False,False,True,True,False
848,0,1,28,97390,1,True,False,False,True,False
849,0,0,59,120160,0,False,False,True,True,False
850,0,0,57,82277,0,False,False,True,False,True
851,0,1,33,110844,2,True,False,False,True,False
852,0,0,43,133105,0,True,False,False,True,False
853,0,0,35,102042,0,True,False,False,True,False
854,0,0,32,69370,0,False,True,False,False,True
855,0,0,45,200298,1,True,False,False,True,False
856,0,1,33,117039,2,True,False,False,True,False
857,1,1,40,107585,2,False,False,True,True,False
858,0,0,28,114429,0,False,True,False,True,False
859,1,1,29,128234,2,True,False,False,True,False
860,0,0,26,128580,2,False,True,False,True,False
861,0,0,27,177757,1,False,True,False,True,False
862,0,1,28,106222,0,True,False,False,True,False
863,1,1,35,118428,2,True,False,False,True,False
864,0,0,32,139477,0,False,True,False,False,True
865,0,0,25,71159,0,False,True,False,False,True
866,1,1,20,131370,2,True,False,False,True,False
867,1,1,27,111567,2,True,False,False,True,False
868,0,0,42,125482,2,True,False,False,True,False
869,0,0,37,160642,2,True,False,False,True,False
870,1,1,24,92498,0,True,False,False,True,False
871,1,1,40,199711,2,False,False,True,True,False
872,0,0,46,127588,2,True,False,False,True,False
873,0,0,26,107508,2,False,True,False,True,False
874,1,1,24,94629,2,True,False,False,True,False
875,0,0,29,87598,2,False,True,False,False,True
876,1,1,40,161194,1,False,False,True,True,False
877,0,0,36,137342,2,True,False,False,False,False
878,0,0,28,116848,1,False,True,False,True,False
879,0,0,27,125190,1,False,True,False,False,False
880,0,0,36,153441,0,True,False,False,True,False
881,0,0,38,195328,2,True,False,False,False,False
882,0,1,48,190413,0,False,False,True,True,False
883,0,0,36,118656,1,True,False,False,True,False
884,1,1,65,69487,0,False,False,False,False,True
885,0,1,43,145313,1,False,False,True,True,False
886,1,1,53,117005,1,False,False,True,True,False
887,0,0,34,123243,1,True,False,False,True,False
888,0,0,23,237799,1,False,True,False,True,False
889,0,0,34,180617,2,True,False,False,False,False
890,0,0,40,167019,0,True,False,False,True,False
891,0,0,43,147745,2,True,False,False,False,False
892,0,0,46,114254,1,True,False,False,True,False
893,0,0,38,81155,0,True,False,False,False,True
894,0,0,34,151803,2,True,False,False,True,False
895,0,0,29,94356,2,False,True,False,True,False
896,0,0,31,200621,2,False,True,False,False,False
897,1,1,28,144448,1,True,False,False,False,False
898,1,1,35,150797,0,True,False,False,True,False
899,1,1,33,84404,0,True,False,False,False,True
900,0,0,42,133373,2,True,False,False,True,False
901,0,0,43,119502,2,True,False,False,True,False
902,0,1,44,131619,0,False,False,True,True,False
903,0,0,42,194084,2,True,False,False,True,False
904,0,1,40,108278,1,True,False,False,True,False
905,0,0,36,130987,1,True,False,False,False,False
906,0,0,20,116582,2,False,True,False,False,False
907,0,0,24,85270,0,False,True,False,False,True
908,0,1,27,129227,0,True,False,False,True,False
909,1,1,46,108291,0,False,False,True,False,True
910,1,1,33,103091,0,True,False,False,False,True
911,1,1,34,136975,1,True,False,False,True,False
912,1,1,25,111502,0,True,False,False,False,True
913,1,1,25,124750,1,True,False,False,True,False
914,0,1,28,146463,2,True,False,False,True,False
915,0,0,31,115075,0,False,True,False,True,False
916,1,1,32,308491,1,True,False,False,False,False
917,0,0,32,126368,0,False,True,False,True,False
918,0,0,68,287247,2,False,False,True,False,False
919,0,1,33,125535,2,True,False,False,True,False
920,0,0,39,153223,2,True,False,False,False,False
921,1,1,28,106873,1,True,False,False,True,False
922,0,0,37,268906,1,True,False,False,False,False
923,1,1,22,97757,2,True,False,False,True,False
924,0,0,30,112151,1,False,True,False,True,False
925,0,1,55,172909,0,False,False,True,True,False
926,0,0,46,103387,1,True,False,False,True,False
927,1,1,21,93916,2,True,False,False,True,False
928,0,0,39,189963,2,True,False,False,True,False
929,0,0,58,124191,0,False,False,True,True,False
930,0,0,43,77205,0,True,False,False,False,True
931,0,0,24,65917,0,False,True,False,False,True
932,1,1,22,109676,0,True,False,False,True,False
933,0,0,30,95682,2,False,True,False,True,False
934,0,0,42,125516,2,True,False,False,True,False
935,1,1,23,99822,0,True,False,False,True,False
936,0,0,30,154854,1,False,True,False,False,False
937,1,1,28,84582,0,True,False,False,False,True
938,0,1,30,145800,0,True,False,False,False,False
939,0,0,42,162869,1,True,False,False,True,False
940,0,0,46,192379,2,True,False,False,False,False
941,0,0,45,159757,2,True,False,False,False,False
942,0,0,31,69571,0,False,True,False,False,True
943,0,0,31,93648,2,False,True,False,True,False
944,0,0,42,77472,0,True,False,False,False,True
945,1,1,46,121501,0,False,False,True,True,False
946,1,1,30,207262,0,True,False,False,True,False
947,0,0,30,143082,2,False,True,False,True,False
948,0,0,38,147760,1,True,False,False,False,False
949,0,1,43,82082,0,False,False,True,False,True
950,0,0,31,132991,1,False,True,False,True,False
951,0,1,40,78436,0,True,False,False,False,True
952,0,0,24,99737,2,False,True,False,True,False
953,1,1,28,164915,0,True,False,False,True,False
954,1,1,26,223185,1,True,False,False,False,False
955,1,1,29,108400,2,True,False,False,True,False
956,1,1,57,194882,1,False,False,True,False,False
957,0,0,49,122186,0,True,False,False,False,True
958,0,0,37,79594,0,True,False,False,False,True
959,0,0,45,104355,0,True,False,False,False,True
960,0,0,30,135894,2,False,True,False,True,False
961,0,1,30,103699,1,True,False,False,True,False
962,0,1,47,132145,1,False,False,True,True,False
963,0,0,29,117272,2,False,True,False,True,False
964,0,0,35,137932,0,True,False,False,True,False
965,0,1,22,63972,0,True,False,False,False,True
966,1,1,26,113299,2,True,False,False,True,False
967,0,0,23,108540,0,False,True,False,False,True
968,1,1,54,174424,2,False,False,True,False,False
969,0,1,29,154991,2,True,False,False,True,False
970,0,0,40,99723,0,True,False,False,False,True
971,0,0,22,114584,2,False,True,False,True,False
972,0,0,43,135275,0,True,False,False,False,True
973,1,1,29,41680,0,True,False,False,False,True
974,0,0,36,158769,1,True,False,False,True,False
975,1,1,33,120596,0,True,False,False,True,False
976,1,1,57,139641,0,False,False,True,False,True
977,1,1,64,134377,0,False,False,False,True,False
978,0,0,42,125804,2,True,False,False,True,False
979,0,0,47,91858,0,True,False,False,False,True
980,0,1,25,117641,2,True,False,False,True,False
981,0,0,49,188594,1,True,False,False,True,False
982,0,0,33,162827,2,True,False,False,False,False
983,1,1,28,178991,2,True,False,False,False,False
984,0,0,26,159739,1,False,True,False,True,False
985,0,0,30,73401,0,False,True,False,False,True
986,1,1,25,100794,2,True,False,False,True,False
987,0,1,33,167763,1,True,False,False,True,False
988,1,1,64,145174,0,False,False,False,True,False
989,0,0,29,176292,1,False,True,False,False,False
990,0,0,48,94024,0,True,False,False,False,True
991,0,0,37,93740,0,True,False,False,False,True
992,0,0,34,85685,0,True,False,False,False,True
993,0,1,23,69997,0,True,False,False,False,True
994,0,0,30,151938,2,False,True,False,False,False
995,0,0,50,122830,1,True,False,False,True,False
996,1,1,31,78489,0,True,False,False,False,True
997,0,1,40,161999,1,True,False,False,False,False
998,0,0,38,98032,2,True,False,False,True,False
999,0,0,23,96060,0,False,True,False,True,False
1000,0,0,27,147968,1,False,True,False,True,False
1001,1,1,63,134853,1,False,False,True,True,False
1002,0,0,66,157576,2,False,False,True,False,False
1003,0,1,43,203738,1,False,False,True,False,False
1004,0,1,44,280570,2,False,False,True,False,False
1005,0,1,65,69487,2,False,False,False,False,True
1006,1,1,73,214126,1,False,False,False,False,False
1007,0,0,60,136671,1,False,False,True,True,False
1008,0,1,62,174337,1,False,False,True,True,False
1009,1,1,58,126710,1,False,False,True,True,False
1010,1,1,43,167139,2,False,False,True,False,False
1011,0,0,64,122094,2,False,False,True,True,False
1012,0,1,37,170113,2,False,False,False,False,False
1013,1,1,46,192698,1,False,False,True,False,False
1014,0,1,57,144197,2,False,False,True,True,False
1015,0,1,51,133623,1,False,False,True,True,False
1016,1,1,32,171052,2,False,False,False,False,False
1017,0,0,64,130492,2,False,False,True,True,False
1018,0,0,68,135705,1,False,False,True,True,False
1019,1,1,55,171804,2,False,False,True,False,False
1020,0,0,73,192167,1,False,False,True,False,False
1021,1,1,34,134377,2,False,False,False,True,False
1022,0,1,44,146716,1,False,False,True,True,False
1023,0,0,58,267872,1,False,False,True,True,False
1024,1,1,65,142193,1,False,False,True,False,True
1025,1,1,56,183765,1,False,False,True,True,False
1026,1,1,42,218664,2,False,False,True,False,False
1027,1,1,65,145174,2,False,False,False,True,False
1028,0,0,72,224961,2,False,False,True,False,False
1029,1,1,45,262634,2,False,False,True,False,False
1030,0,0,68,287106,2,False,False,True,False,False
1031,0,0,60,166298,1,False,False,True,False,False
1032,1,1,30,133328,2,False,False,False,False,True
1033,0,0,63,129798,1,False,False,True,True,False
1034,0,0,57,281084,1,False,False,True,False,False
1035,1,1,46,160678,2,False,False,True,True,False
1036,1,1,70,167532,1,False,False,False,True,False
1037,0,0,65,178591,2,False,False,True,True,False
1038,0,0,63,273063,2,False,False,True,False,False
1039,0,1,54,149410,2,False,False,True,True,False
1040,0,1,49,124658,2,False,False,True,True,False
1041,1,1,64,153645,2,False,False,True,True,False
1042,1,1,61,308529,2,False,False,True,False,False
1043,1,1,57,155062,2,False,False,True,True,False
1044,1,1,42,199654,2,False,False,True,True,False
1045,0,0,62,124723,2,False,False,True,True,False
1046,1,1,41,127752,2,False,False,True,True,False
1047,1,1,51,157595,1,False,False,True,False,False
1048,1,1,38,135534,2,False,False,True,True,False
1049,1,1,56,166264,2,False,False,True,False,False
1050,1,1,43,147259,1,False,False,True,True,False
1051,1,1,48,161116,1,False,False,True,True,False
1052,0,0,61,139380,1,False,False,True,True,False
1053,0,1,48,213768,2,False,False,True,False,False
1054,0,0,68,125903,2,False,False,True,True,False
1055,1,1,62,163940,1,False,False,True,True,False
1056,1,1,56,173378,2,False,False,True,False,False
1057,1,1,53,126847,1,False,False,True,True,False
1058,0,1,33,166712,2,False,False,False,True,False
1059,1,1,60,189166,1,False,False,True,True,False
1060,1,1,47,161714,1,False,False,True,True,False
1061,0,1,25,214364,2,False,False,False,False,False
1062,0,0,64,184680,1,False,False,True,True,False
1063,0,0,73,214732,1,False,False,True,False,False
1064,0,1,66,152527,1,False,False,True,True,False
1065,1,1,76,170366,1,False,False,False,False,False
1066,1,1,60,194532,1,False,False,True,False,False
1067,1,1,57,125883,2,False,False,True,True,False
1068,0,1,30,131242,2,False,False,False,True,False
1069,0,1,43,159880,1,False,False,True,False,False
1070,0,0,57,165519,2,False,False,True,True,False
1071,0,1,51,149653,1,False,False,True,True,False
1072,1,1,61,134102,1,False,False,True,True,False
1073,0,0,64,159378,2,False,False,True,False,False
1074,0,1,41,205476,1,False,False,True,False,False
1075,0,1,43,280566,2,False,False,True,False,False
1076,0,1,67,71823,2,False,False,False,False,True
1077,1,1,71,211572,1,False,False,False,False,False
1078,0,0,59,136123,1,False,False,True,True,False
1079,0,1,60,176372,1,False,False,True,True,False
1080,1,1,60,128271,1,False,False,True,True,False
1081,1,1,45,169020,2,False,False,True,False,False
1082,0,0,63,122267,2,False,False,True,True,False
1083,0,1,38,169324,2,False,False,False,False,False
1084,1,1,46,192561,1,False,False,True,False,False
1085,0,1,55,145781,2,False,False,True,True,False
1086,0,1,50,135376,1,False,False,True,True,False
1087,1,1,30,169002,2,False,False,False,False,False
1088,0,0,63,128469,2,False,False,True,True,False
1089,0,0,67,135567,1,False,False,True,True,False
1090,1,1,54,170644,2,False,False,True,False,False
1091,0,0,71,192360,1,False,False,True,False,False
1092,1,1,32,133235,2,False,False,False,True,False
1093,1,1,45,260847,2,False,False,True,False,False
1094,0,0,65,285647,2,False,False,True,False,False
1095,0,0,62,164816,1,False,False,True,False,False
1096,1,1,28,130148,2,False,False,False,False,True
1097,0,0,65,129838,1,False,False,True,True,False
1098,0,0,57,281647,1,False,False,True,False,False
1099,1,1,48,157305,2,False,False,True,True,False
1100,1,1,71,163654,1,False,False,False,True,False
1101,0,0,38,82398,1,True,False,False,True,False
1102,0,1,40,107710,1,True,False,False,True,False
1103,0,0,49,122346,1,True,False,False,True,False
1104,0,1,32,155540,1,True,False,False,False,False
1105,0,0,45,127572,1,True,False,False,True,False
1106,0,0,40,154031,1,True,False,False,False,False
1107,0,0,66,164931,2,False,False,True,False,False
1108,0,0,38,123003,2,True,False,False,True,False
1109,0,1,20,89605,1,True,False,False,True,False
1110,0,0,48,117721,1,True,False,False,True,False
1111,0,1,46,168904,1,False,False,True,False,False
1112,0,0,32,137576,2,True,False,False,False,False
1113,0,0,54,111274,1,True,False,False,True,False
1114,0,1,24,94249,2,True,False,False,False,False
1115,0,1,27,180940,1,True,False,False,False,False
1116,0,0,57,125032,2,True,False,False,True,False
1117,0,0,38,138011,1,True,False,False,False,False
1118,0,0,40,144850,1,True,False,False,True,False
1119,0,1,20,107270,2,True,False,False,True,False
1120,0,0,36,113405,2,True,False,False,False,False
1121,0,0,47,137338,2,True,False,False,True,False
1122,0,0,64,125119,2,False,False,True,False,True
1123,0,0,42,159745,2,True,False,False,False,False
1124,0,0,44,181262,2,True,False,False,False,False
1125,0,1,30,90500,2,True,False,False,False,False
1126,0,0,37,102733,1,True,False,False,True,False
1127,0,0,42,135493,2,True,False,False,True,False
1128,0,1,62,169044,1,False,False,True,True,False
1129,0,0,49,178549,2,True,False,False,True,False
1130,0,0,52,159716,2,True,False,False,True,False
1131,0,1,36,170118,1,True,False,False,False,False
1132,0,0,49,143886,1,True,False,False,False,True
1133,0,0,42,130164,2,True,False,False,False,False
1134,0,0,38,114476,1,True,False,False,True,False
1135,0,0,50,126143,1,True,False,False,True,False
1136,0,1,34,129654,2,True,False,False,False,False
1137,0,0,43,123202,2,True,False,False,True,False
1138,0,0,40,160524,1,True,False,False,True,False
1139,0,0,56,126906,1,False,False,True,True,False
1140,0,0,41,143994,2,True,False,False,False,False
1141,0,1,30,123517,2,True,False,False,False,False
1142,0,1,28,129055,2,True,False,False,True,False
1143,0,0,64,136312,2,False,False,True,False,True
1144,0,0,67,112486,2,False,False,True,True,False
1145,0,0,37,152401,1,True,False,False,False,False
1146,0,0,31,157453,1,True,False,False,False,False
1147,0,0,32,142870,2,True,False,False,False,False
1148,0,1,52,137231,2,False,False,True,True,False
1149,0,1,31,104406,1,True,False,False,True,False
1150,0,0,36,145385,1,True,False,False,False,False
1151,0,1,32,146519,1,True,False,False,False,False
1152,0,0,51,126227,2,True,False,False,True,False
1153,0,0,47,112227,1,True,False,False,False,False
1154,0,1,34,110145,2,True,False,False,True,False
1155,0,1,46,149419,1,False,False,True,True,False
1156,0,1,42,176646,1,True,False,False,True,False
1157,0,0,39,91019,1,True,False,False,False,False
1158,0,0,50,169579,2,True,False,False,True,False
1159,0,0,42,142305,2,True,False,False,True,False
1160,0,1,36,130602,1,True,False,False,True,False
1161,0,1,18,98992,1,True,False,False,True,False
1162,0,0,35,181926,2,True,False,False,False,False
1163,0,0,38,152864,2,True,False,False,True,False
1164,0,0,39,135837,2,True,False,False,False,False
1165,0,1,24,121757,2,True,False,False,False,True
1166,0,0,41,182274,1,True,False,False,True,False
1167,0,0,36,149040,2,True,False,False,False,False
1168,0,0,37,154196,2,True,False,False,False,False
1169,0,1,45,135332,1,False,False,True,True,False
1170,0,0,41,134200,2,True,False,False,False,False
1171,0,0,36,177171,2,True,False,False,False,False
1172,0,0,38,115964,2,True,False,False,False,True
1173,0,0,38,136871,1,True,False,False,False,True
1174,0,1,53,159559,2,False,False,True,False,False
1175,0,0,35,113878,2,True,False,False,True,False
1176,0,0,48,171203,2,True,False,False,False,False
1177,0,0,36,102180,2,True,False,False,True,False
1178,0,1,22,116844,1,True,False,False,False,False
1179,0,0,35,139844,2,True,False,False,False,False
1180,0,0,42,156431,1,True,False,False,False,True
1181,0,0,39,116137,1,True,False,False,False,True
1182,0,0,31,143081,1,True,False,False,True,False
1183,0,0,33,155870,2,True,False,False,False,False
1184,0,1,31,106924,1,True,False,False,False,True
1185,0,0,42,102133,1,True,False,False,True,False
1186,0,0,61,145227,1,False,False,True,False,True
1187,0,0,38,159500,2,True,False,False,False,False
1188,0,0,33,98498,1,True,False,False,False,True
1189,0,0,48,159714,2,True,False,False,True,False
1190,0,0,31,121852,1,True,False,False,False,True
1191,0,0,52,141271,2,True,False,False,False,False
1192,0,1,27,123213,2,True,False,False,True,False
1193,0,0,40,143723,1,True,False,False,False,False
1194,0,0,34,112538,1,True,False,False,False,True
1195,0,1,26,97932,2,True,False,False,False,False
1196,0,0,30,154003,1,True,False,False,False,True
1197,0,0,53,177179,1,True,False,False,True,False
1198,0,0,45,128052,2,True,False,False,True,False
1199,0,0,32,114617,1,True,False,False,False,False
1200,0,0,35,182822,2,True,False,False,False,False
1201,0,1,26,177215,2,True,False,False,True,False
1202,0,0,30,110929,1,True,False,False,True,False
1203,0,0,37,111821,1,True,False,False,True,False
1204,0,0,32,97306,1,True,False,False,False,False
1205,0,1,40,157231,1,True,False,False,True,False
1206,0,0,44,126906,2,True,False,False,False,True
1207,0,0,43,133243,2,True,False,False,True,False
1208,0,0,51,112250,1,True,False,False,True,False
1209,0,0,37,104349,1,True,False,False,False,True
1210,0,0,33,151421,2,True,False,False,True,False
1211,0,1,32,178081,1,True,False,False,False,False
1212,0,0,35,110181,2,True,False,False,False,True
1213,0,1,30,113012,1,True,False,False,True,False
1214,0,1,35,154585,2,True,False,False,False,False
1215,0,0,40,144704,1,True,False,False,False,False
1216,0,0,37,141632,2,True,False,False,False,False
1217,0,0,37,105055,2,True,False,False,True,False
1218,0,0,37,124597,2,True,False,False,True,False
1219,0,0,53,160164,1,True,False,False,False,False
1220,0,0,34,151754,1,True,False,False,False,False
1221,0,0,51,155551,1,True,False,False,True,False
1222,0,1,26,94986,2,True,False,False,True,False
1223,0,0,34,175800,1,True,False,False,False,True
1224,0,0,51,126246,1,True,False,False,False,False
1225,0,0,33,116261,2,True,False,False,True,False
1226,0,1,32,117796,2,True,False,False,False,True
1227,0,0,39,115363,1,True,False,False,True,False
1228,0,0,53,169076,1,True,False,False,True,False
1229,0,0,34,97474,2,True,False,False,False,False
1230,0,0,37,140341,2,True,False,False,True,False
1231,0,1,28,114503,1,True,False,False,True,False
1232,0,1,25,102937,2,True,False,False,True,False
1233,0,0,36,151781,2,True,False,False,False,False
1234,0,1,36,123133,2,True,False,False,True,False
1235,0,0,35,118879,2,True,False,False,True,False
1236,0,1,21,158683,1,True,False,False,True,False
1237,0,1,29,107514,2,True,False,False,True,False
1238,0,0,60,193879,1,False,False,True,True,False
1239,0,0,45,135043,1,True,False,False,True,False
1240,0,1,56,108559,1,False,False,True,False,True
1241,0,1,30,121038,2,True,False,False,True,False
1242,0,0,52,151947,2,True,False,False,False,False
1243,0,1,26,118820,1,True,False,False,True,False
1244,0,0,43,121517,1,True,False,False,True,False
1245,0,0,34,113572,1,True,False,False,True,False
1246,0,1,22,131170,2,True,False,False,True,False
1247,0,0,42,92430,1,True,False,False,False,True
1248,0,0,38,124554,1,True,False,False,False,True
1249,0,1,29,115988,2,True,False,False,True,False
1250,0,0,44,107301,2,True,False,False,True,False
1251,0,1,29,103767,1,True,False,False,False,False
1252,0,0,44,141493,2,True,False,False,True,False
1253,0,0,38,154339,2,True,False,False,True,False
1254,0,1,26,112369,1,True,False,False,False,True
1255,0,0,53,158193,1,True,False,False,True,False
1256,0,0,43,143734,1,True,False,False,True,False
1257,0,0,33,121890,1,True,False,False,True,False
1258,0,0,52,127609,1,True,False,False,False,True
1259,0,1,26,94650,2,True,False,False,False,True
1260,0,0,38,175504,1,True,False,False,False,False
1261,0,0,47,165495,2,True,False,False,True,False
1262,0,1,26,120389,1,True,False,False,True,False
1263,0,1,36,165340,1,True,False,False,True,False
1264,0,0,36,119804,1,True,False,False,True,False
1265,0,0,57,154344,1,False,False,True,False,False
1266,0,1,31,106266,2,True,False,False,False,False
1267,0,0,45,136129,1,True,False,False,True,False
1268,0,0,40,151914,1,True,False,False,False,False
1269,0,1,21,121473,1,True,False,False,True,False
1270,0,0,46,127147,2,True,False,False,True,False
1271,0,0,35,125387,2,True,False,False,True,False
1272,0,1,31,139490,2,True,False,False,False,True
1273,0,0,51,124990,2,True,False,False,True,False
1274,0,1,21,101471,1,True,False,False,False,False
1275,0,0,48,155708,1,True,False,False,True,False
1276,0,0,48,142345,2,True,False,False,True,False
1277,0,0,68,148675,1,False,False,True,False,True
1278,0,1,45,116484,2,False,False,True,True,False
1279,0,0,35,150237,2,True,False,False,False,False
1280,0,1,22,100273,2,True,False,False,True,False
1281,0,0,44,122292,1,True,False,False,False,True
1282,0,0,52,159216,1,True,False,False,True,False
1283,0,0,48,130082,2,True,False,False,True,False
1284,0,0,33,139547,2,True,False,False,True,False
1285,0,1,35,122895,1,True,False,False,True,False
1286,0,1,64,154549,1,False,False,True,True,False
1287,0,0,58,149315,2,True,False,False,False,True
1288,0,1,24,118101,2,True,False,False,False,True
1289,0,0,40,115831,2,True,False,False,False,True
1290,0,0,49,118571,2,True,False,False,False,False
1291,0,0,31,138906,2,True,False,False,True,False
1292,0,0,46,98520,2,True,False,False,True,False
1293,0,0,46,106576,1,True,False,False,True,False
1294,0,0,49,121592,1,True,False,False,True,False
1295,0,0,29,135605,1,True,False,False,False,True
1296,0,0,37,114552,2,True,False,False,True,False
1297,0,0,33,151339,1,True,False,False,False,False
1298,0,0,71,170387,2,False,False,True,True,False
1299,0,0,35,118288,2,True,False,False,True,False
1300,0,0,40,109992,2,True,False,False,True,False
1301,1,0,27,90654,0,True,False,False,False,True
1302,1,0,61,113290,0,False,False,True,False,True
1303,1,1,29,100093,1,True,False,False,True,False
1304,1,0,33,109489,0,True,False,False,True,False
1305,1,0,56,139427,0,False,False,True,False,True
1306,1,1,27,123411,1,True,False,False,True,False
1307,1,1,22,137925,0,True,False,False,True,False
1308,1,1,19,99119,0,True,False,False,True,False
1309,1,1,28,91084,1,True,False,False,True,False
1310,1,1,24,110137,1,True,False,False,True,False
1311,1,1,27,67041,0,True,False,False,False,True
1312,1,1,30,127299,1,True,False,False,True,False
1313,1,0,26,84555,0,True,False,False,False,True
1314,1,1,26,123895,0,True,False,False,True,False
1315,1,1,23,94324,1,True,False,False,True,False
1316,1,1,28,96062,0,True,False,False,True,False
1317,1,1,67,144843,0,False,False,False,True,False
1318,1,1,27,107485,1,True,False,False,True,False
1319,1,1,32,98573,0,True,False,False,True,False
1320,1,0,24,107462,0,True,False,False,False,True
1321,1,1,28,115809,1,True,False,False,True,False
1322,1,0,48,118749,0,False,False,True,False,True
1323,1,1,32,139112,1,True,False,False,True,False
1324,1,1,25,94075,0,True,False,False,True,False
1325,1,1,57,62002,0,False,False,True,False,True
1326,1,1,28,127262,0,True,False,False,True,False
1327,1,1,24,122846,1,True,False,False,True,False
1328,1,1,25,61907,0,True,False,False,False,True
1329,1,0,31,89287,0,True,False,False,False,True
1330,1,0,33,103696,1,True,False,False,True,False
1331,1,1,50,147603,0,False,False,True,True,False
1332,1,1,58,139229,1,False,False,True,False,True
1333,1,1,27,107932,0,True,False,False,False,True
1334,1,1,48,116235,0,False,False,True,False,True
1335,1,1,22,85974,0,True,False,False,False,True
1336,1,1,40,124001,0,True,False,False,False,True
1337,1,1,32,121428,0,True,False,False,True,False
1338,1,0,25,93233,0,True,False,False,False,True
1339,1,1,27,67965,0,True,False,False,False,True
1340,1,1,27,88001,0,True,False,False,False,True
1341,1,1,23,129112,0,True,False,False,True,False
1342,1,1,32,109324,1,True,False,False,True,False
1343,1,1,25,112785,1,True,False,False,True,False
1344,1,1,46,136735,0,False,False,True,False,True
1345,1,1,21,107779,1,True,False,False,True,False
1346,1,1,29,103526,0,True,False,False,True,False
1347,1,1,31,93171,0,True,False,False,False,True
1348,1,0,26,106559,0,True,False,False,False,True
1349,1,1,23,112728,1,True,False,False,True,False
1350,1,0,38,102855,1,True,False,False,True,False
1351,1,0,35,85381,0,True,False,False,False,True
1352,1,1,27,100762,1,True,False,False,True,False
1353,1,1,22,131445,1,True,False,False,True,False
1354,1,1,52,123194,0,False,False,True,True,False
1355,1,1,19,99519,1,True,False,False,True,False
1356,1,1,23,112853,0,True,False,False,True,False
1357,1,0,42,110509,0,True,False,False,True,False
1358,1,1,27,106446,1,True,False,False,True,False
1359,1,1,39,89665,0,False,False,True,False,True
1360,1,1,50,128233,1,False,False,True,True,False
1361,1,1,36,133615,0,True,False,False,True,False
1362,1,1,25,115833,1,True,False,False,True,False
1363,1,1,27,65560,0,True,False,False,False,True
1364,1,1,30,118642,0,True,False,False,True,False
1365,1,0,22,63635,0,True,False,False,False,True
1366,1,1,27,122649,1,True,False,False,True,False
1367,1,0,31,143321,1,True,False,False,False,False
1368,1,1,29,99556,0,True,False,False,True,False
1369,1,0,34,36760,0,True,False,False,False,True
1370,1,0,33,71935,0,True,False,False,False,True
1371,1,1,26,114977,0,True,False,False,True,False
1372,1,1,36,147691,1,True,False,False,True,False
1373,1,1,26,54296,0,True,False,False,False,True
1374,1,1,39,80014,0,True,False,False,False,True
1375,1,1,44,77887,0,False,False,True,False,True
1376,1,1,46,98517,0,False,False,True,False,True
1377,1,1,31,103012,0,True,False,False,False,True
1378,1,0,26,121377,0,True,False,False,True,False
1379,1,1,22,91359,1,True,False,False,True,False
1380,1,0,48,104833,0,False,False,True,False,True
1381,1,1,27,101209,0,True,False,False,True,False
1382,1,0,30,58207,0,True,False,False,False,True
1383,1,1,27,116708,1,True,False,False,True,False
1384,1,1,36,107471,1,True,False,False,True,False
1385,1,1,31,128495,0,True,False,False,True,False
1386,1,0,21,124468,0,True,False,False,True,False
1387,1,1,26,106922,1,True,False,False,True,False
1388,1,0,24,104291,0,True,False,False,True,False
1389,1,1,29,98204,0,True,False,False,True,False
1390,1,1,32,127071,0,True,False,False,True,False
1391,1,1,45,85115,0,False,False,True,False,True
1392,1,1,58,104013,0,False,False,True,False,True
1393,1,1,25,89863,0,True,False,False,True,False
1394,1,1,67,135300,0,False,False,False,True,False
1395,1,1,53,107861,0,False,False,True,False,True
1396,1,1,24,123994,0,True,False,False,True,False
1397,1,0,20,91270,0,True,False,False,False,True
1398,1,1,71,133245,0,False,False,False,False,True
1399,1,1,31,118594,1,True,False,False,True,False
1400,1,1,27,40606,0,True,False,False,False,True
1401,1,1,36,129304,0,True,False,False,False,True
1402,1,1,25,113118,0,True,False,False,True,False
1403,1,0,41,133131,0,True,False,False,True,False
1404,1,1,30,106876,1,True,False,False,True,False
1405,1,1,32,130870,1,True,False,False,True,False
1406,1,1,29,125621,0,True,False,False,False,True
1407,1,0,27,78923,0,True,False,False,False,True
1408,1,1,32,123983,0,True,False,False,True,False
1409,1,1,25,75184,0,True,False,False,False,True
1410,1,0,24,109693,0,True,False,False,True,False
1411,1,1,63,86273,0,False,False,True,False,True
1412,1,0,42,113190,0,False,False,True,False,True
1413,1,1,22,109274,0,True,False,False,False,True
1414,1,1,46,143489,1,False,False,True,True,False
1415,1,1,24,99570,1,True,False,False,True,False
1416,1,0,30,139468,1,True,False,False,True,False
1417,1,1,44,108627,0,False,False,True,False,True
1418,1,0,25,106355,0,True,False,False,True,False
1419,1,1,27,96952,0,True,False,False,True,False
1420,1,1,27,141502,1,True,False,False,True,False
1421,1,1,34,110420,1,True,False,False,True,False
1422,1,1,18,97741,1,True,False,False,True,False
1423,1,1,25,99583,1,True,False,False,True,False
1424,1,1,21,63698,0,True,False,False,False,True
1425,1,1,26,116688,1,True,False,False,True,False
1426,1,1,27,131542,1,True,False,False,False,False
1427,1,0,25,136055,1,True,False,False,True,False
1428,1,1,30,100195,1,True,False,False,True,False
1429,1,0,66,131001,0,False,False,False,True,False
1430,1,1,25,104062,1,True,False,False,True,False
1431,1,1,43,137689,0,False,False,True,True,False
1432,1,1,35,137705,1,True,False,False,True,False
1433,1,0,70,69915,0,False,False,False,False,True
1434,1,0,35,68731,0,True,False,False,False,True
1435,1,1,26,105726,0,True,False,False,True,False
1436,1,0,29,78078,0,True,False,False,False,True
1437,1,1,22,110835,0,True,False,False,False,True
1438,1,0,26,115531,1,True,False,False,True,False
1439,1,1,36,92723,0,True,False,False,False,True
1440,1,1,35,107509,1,True,False,False,True,False
1441,1,1,28,116763,1,True,False,False,True,False
1442,1,1,24,100733,0,True,False,False,True,False
1443,1,1,34,92652,0,True,False,False,False,True
1444,1,1,25,106987,0,True,False,False,True,False
1445,1,1,54,51882,0,False,False,True,False,True
1446,1,0,46,104751,0,False,False,True,False,True
1447,1,1,42,50947,0,True,False,False,False,True
1448,1,0,45,126986,0,False,False,True,False,True
1449,1,0,48,110223,0,False,False,True,False,True
1450,1,0,21,100591,0,True,False,False,False,True
1451,1,1,31,123257,0,True,False,False,True,False
1452,1,0,35,137736,1,True,False,False,True,False
1453,1,1,36,110221,1,True,False,False,True,False
1454,1,1,32,99703,0,True,False,False,False,True
1455,1,1,26,106667,0,True,False,False,False,True
1456,1,1,34,143319,0,True,False,False,True,False
1457,1,1,65,135557,1,False,False,True,True,False
1458,1,1,50,93390,0,False,False,True,False,True
1459,1,1,39,97577,0,True,False,False,True,False
1460,1,0,52,124196,0,False,False,True,False,True
1461,1,1,36,81136,0,True,False,False,False,True
1462,1,1,29,119439,0,True,False,False,True,False
1463,1,1,36,145231,1,True,False,False,True,False
1464,1,1,36,85623,0,True,False,False,False,True
1465,1,1,27,145373,1,True,False,False,True,False
1466,1,1,36,135896,1,True,False,False,False,False
1467,1,1,26,106470,1,True,False,False,True,False
1468,1,0,57,113334,1,False,False,True,True,False
1469,1,0,27,100560,0,True,False,False,False,True
1470,1,1,58,108442,0,False,False,True,False,True
1471,1,1,27,64472,0,True,False,False,False,True
1472,1,1,49,120207,0,False,False,True,True,False
1473,1,1,43,101680,0,False,False,True,True,False
1474,1,0,45,92342,0,False,False,True,False,True
1475,1,1,27,98611,0,True,False,False,False,True
1476,1,1,34,97613,1,True,False,False,True,False
1477,1,1,21,82298,0,True,False,False,False,True
1478,1,1,54,125302,1,False,False,True,True,False
1479,1,1,43,108725,0,False,False,True,False,True
1480,1,0,25,85569,0,True,False,False,False,True
1481,1,0,57,110372,0,False,False,True,False,True
1482,1,1,26,100511,1,True,False,False,True,False
1483,1,0,30,110455,0,True,False,False,True,False
1484,1,0,58,141993,0,False,False,True,False,True
1485,1,1,25,121789,1,True,False,False,True,False
1486,1,1,23,138967,0,True,False,False,True,False
1487,1,0,22,105230,0,True,False,False,True,False
1488,1,1,21,90656,1,True,False,False,True,False
1489,1,1,20,115445,1,True,False,False,True,False
1490,1,1,22,59955,0,True,False,False,False,True
1491,1,0,27,126268,1,True,False,False,True,False
1492,1,0,24,80830,0,True,False,False,False,True
1493,1,1,23,123625,0,True,False,False,True,False
1494,1,1,26,102543,1,True,False,False,True,False
1495,1,0,28,101948,0,True,False,False,True,False
1496,1,1,64,142280,0,False,False,False,True,False
1497,1,1,26,105434,1,True,False,False,True,False
1498,1,1,31,106115,0,True,False,False,True,False
1499,1,0,28,111057,0,True,False,False,False,True
1500,1,1,25,117758,1,True,False,False,True,False
1501,1,0,49,118396,0,False,False,True,False,True
1502,1,1,33,136260,1,True,False,False,True,False
1503,1,0,27,97192,0,True,False,False,True,False
1504,1,1,59,62101,0,False,False,True,False,True
1505,1,1,28,123497,0,True,False,False,True,False
1506,1,1,24,120326,1,True,False,False,True,False
1507,1,1,26,66645,0,True,False,False,False,True
1508,1,0,33,83429,0,True,False,False,False,True
1509,1,0,37,107539,1,True,False,False,True,False
1510,1,1,46,153880,0,False,False,True,True,False
1511,1,1,62,140178,1,False,False,True,False,True
1512,1,0,26,100402,0,True,False,False,False,True
1513,1,1,49,122158,0,False,False,True,False,True
1514,1,1,25,89331,0,True,False,False,False,True
1515,1,1,37,125359,0,True,False,False,False,True
1516,1,0,31,124110,0,True,False,False,True,False
1517,1,0,25,93526,0,True,False,False,False,True
1518,1,1,21,70170,0,True,False,False,False,True
1519,1,1,27,82357,0,True,False,False,False,True
1520,1,1,29,126745,0,True,False,False,True,False
1521,1,1,30,103326,1,True,False,False,True,False
1522,1,1,26,116048,1,True,False,False,True,False
1523,1,1,40,137115,0,False,False,True,False,True
1524,1,1,23,105365,1,True,False,False,True,False
1525,1,1,31,95911,0,True,False,False,True,False
1526,1,1,29,88669,0,True,False,False,False,True
1527,1,0,22,103776,0,True,False,False,False,True
1528,1,1,26,108864,1,True,False,False,True,False
1529,1,0,39,106037,1,True,False,False,True,False
1530,1,0,35,84851,0,True,False,False,False,True
1531,1,1,26,95748,1,True,False,False,True,False
1532,1,1,28,133616,1,True,False,False,True,False
1533,1,1,56,132752,0,False,False,True,True,False
1534,1,1,22,95712,1,True,False,False,True,False
1535,1,1,26,109063,0,True,False,False,True,False
1536,1,0,41,113521,0,True,False,False,True,False
1537,1,1,29,109380,1,True,False,False,True,False
1538,1,1,42,82558,0,False,False,True,False,True
1539,1,1,50,124777,1,False,False,True,True,False
1540,1,1,33,133542,0,True,False,False,True,False
1541,1,1,28,116492,1,True,False,False,True,False
1542,1,1,27,68834,0,True,False,False,False,True
1543,1,1,27,124023,0,True,False,False,True,False
1544,1,0,28,63882,0,True,False,False,False,True
1545,1,1,24,122492,1,True,False,False,True,False
1546,1,0,28,141453,1,True,False,False,False,False
1547,1,1,32,99327,0,True,False,False,True,False
1548,1,0,32,45590,0,True,False,False,False,True
1549,1,0,30,71167,0,True,False,False,False,True
1550,1,1,29,111992,0,True,False,False,True,False
1551,1,1,37,145140,1,True,False,False,True,False
1552,1,1,24,49672,0,True,False,False,False,True
1553,1,1,36,75536,0,True,False,False,False,True
1554,1,1,40,86720,0,False,False,True,False,True
1555,1,1,51,97729,0,False,False,True,False,True
1556,1,1,33,106808,0,True,False,False,False,True
1557,1,0,31,117971,0,True,False,False,True,False
1558,1,1,29,97731,1,True,False,False,True,False
1559,1,0,48,109196,0,False,False,True,False,True
1560,1,1,25,94905,0,True,False,False,True,False
1561,1,0,28,57480,0,True,False,False,False,True
1562,1,1,23,109175,1,True,False,False,True,False
1563,1,1,32,111174,1,True,False,False,True,False
1564,1,1,34,127255,0,True,False,False,True,False
1565,1,0,23,115499,0,True,False,False,True,False
1566,1,1,25,109499,1,True,False,False,True,False
1567,1,0,25,104696,0,True,False,False,True,False
1568,1,1,27,104467,0,True,False,False,True,False
1569,1,1,29,120157,0,True,False,False,True,False
1570,1,1,46,81200,0,False,False,True,False,True
1571,1,1,61,97558,0,False,False,True,False,True
1572,1,1,25,95914,0,True,False,False,True,False
1573,1,1,67,128053,0,False,False,False,True,False
1574,1,1,49,101734,0,False,False,True,False,True
1575,1,1,21,126009,0,True,False,False,True,False
1576,1,0,19,91232,0,True,False,False,False,True
1577,1,1,67,128343,0,False,False,False,False,True
1578,1,1,31,110040,1,True,False,False,True,False
1579,1,1,27,38247,0,True,False,False,False,True
1580,1,1,37,129027,0,True,False,False,False,True
1581,1,1,27,115026,0,True,False,False,True,False
1582,1,0,36,130323,0,True,False,False,True,False
1583,1,1,24,103181,1,True,False,False,True,False
1584,1,1,31,138307,1,True,False,False,True,False
1585,1,1,29,122564,0,True,False,False,False,True
1586,1,0,28,82351,0,True,False,False,False,True
1587,1,1,34,125351,0,True,False,False,True,False
1588,1,1,26,82940,0,True,False,False,False,True
1589,1,0,21,108029,0,True,False,False,True,False
1590,1,1,63,82734,0,False,False,True,False,True
1591,1,0,38,116816,0,False,False,True,False,True
1592,1,1,20,113472,0,True,False,False,False,True
1593,1,1,44,143343,1,False,False,True,True,False
1594,1,1,31,104074,1,True,False,False,True,False
1595,1,0,33,138525,1,True,False,False,True,False
1596,1,1,49,106960,0,False,False,True,False,True
1597,1,0,26,108323,0,True,False,False,True,False
1598,1,1,28,95784,0,True,False,False,True,False
1599,1,1,30,140673,1,True,False,False,True,False
1600,1,1,36,104235,1,True,False,False,True,False
1601,1,1,27,54041,0,True,False,False,False,True
1602,0,0,23,107961,0,False,True,False,False,True
1603,0,0,31,113757,0,False,True,False,True,False
1604,1,1,27,94884,0,True,False,False,True,False
1605,1,1,25,126041,0,True,False,False,True,False
1606,1,1,23,64952,0,True,False,False,False,True
1607,0,1,27,66764,0,True,False,False,False,True
1608,1,0,38,67861,0,True,False,False,False,True
1609,0,0,44,113516,0,True,False,False,False,True
1610,1,1,42,46109,0,True,False,False,False,True
1611,1,1,25,103651,0,True,False,False,False,True
1612,0,1,40,75043,0,True,False,False,False,True
1613,1,1,24,116473,0,True,False,False,False,True
1614,1,0,39,96614,0,True,False,False,False,True
1615,0,0,24,66447,0,False,True,False,False,True
1616,1,0,50,119068,0,True,False,False,True,False
1617,1,1,28,122973,0,True,False,False,False,True
1618,1,1,36,81609,0,True,False,False,False,True
1619,0,0,36,105519,0,True,False,False,True,False
1620,1,1,40,86649,0,True,False,False,False,True
1621,1,0,31,76384,0,False,True,False,False,True
1622,0,1,27,67136,0,True,False,False,False,True
1623,1,1,35,93155,0,True,False,False,False,True
1624,0,0,51,124183,0,True,False,False,False,True
1625,1,0,26,64860,0,False,True,False,False,True
1626,0,0,33,87232,0,True,False,False,False,True
1627,1,1,27,92304,0,True,False,False,False,True
1628,0,0,38,84254,0,True,False,False,False,True
1629,1,0,30,106696,0,False,True,False,True,False
1630,0,0,28,113212,0,False,True,False,True,False
1631,0,0,23,71076,0,False,True,False,False,True
1632,1,1,23,114270,0,True,False,False,False,True
1633,1,1,26,125538,0,True,False,False,True,False
1634,1,1,21,92442,0,True,False,False,False,True
1635,1,0,36,75297,0,True,False,False,False,True
1636,1,1,24,65707,0,True,False,False,False,True
1637,0,0,41,120387,0,True,False,False,True,False
1638,0,0,42,120946,0,True,False,False,True,False
1639,0,0,27,73265,0,False,True,False,False,True
1640,0,1,40,77481,0,True,False,False,False,True
1641,1,1,34,91282,0,True,False,False,False,True
1642,0,0,40,104405,0,True,False,False,False,True
1643,0,0,33,99646,0,True,False,False,True,False
1644,1,0,49,97791,0,True,False,False,False,True
1645,0,0,28,81878,0,False,True,False,False,True
1646,1,1,26,107908,0,True,False,False,True,False
1647,1,0,40,98608,0,True,False,False,False,True
1648,0,0,47,95228,0,True,False,False,False,True
1649,1,1,41,128163,0,True,False,False,True,False
1650,1,1,29,94325,0,True,False,False,False,True
1651,1,1,37,90815,0,True,False,False,False,True
1652,0,0,31,120719,0,False,True,False,True,False
1653,0,0,35,110159,0,True,False,False,True,False
1654,0,0,35,124490,0,True,False,False,True,False
1655,1,1,29,75161,0,True,False,False,False,True
1656,1,0,37,127206,0,True,False,False,True,False
1657,0,0,37,83660,0,True,False,False,False,True
1658,1,1,26,87400,0,True,False,False,False,True
1659,1,1,28,78942,0,True,False,False,False,True
1660,1,1,23,88452,0,True,False,False,False,True
1661,0,0,38,104128,0,True,False,False,True,False
1662,1,1,30,100313,0,True,False,False,True,False
1663,1,0,45,107387,0,True,False,False,True,False
1664,0,0,24,84355,0,False,True,False,False,True
1665,1,0,35,112723,0,True,False,False,True,False
1666,1,1,41,115892,0,True,False,False,True,False
1667,0,1,30,106597,0,True,False,False,True,False
1668,1,1,30,121327,0,True,False,False,True,False
1669,1,1,26,92559,0,True,False,False,False,True
1670,1,1,25,87537,0,True,False,False,False,True
1671,1,1,23,70569,0,True,False,False,False,True
1672,1,1,27,85294,0,True,False,False,False,True
1673,1,0,26,70905,0,False,True,False,False,True
1674,0,0,25,103716,0,False,True,False,False,True
1675,0,1,27,94947,0,True,False,False,True,False
1676,1,0,42,80116,0,True,False,False,False,True
1677,0,0,35,86492,0,True,False,False,False,True
1678,1,1,25,88672,0,True,False,False,False,True
1679,1,1,26,82984,0,True,False,False,False,True
1680,0,0,38,128100,0,True,False,False,True,False
1681,1,0,28,72869,0,False,True,False,False,True
1682,0,1,33,112227,0,True,False,False,True,False
1683,1,0,40,94674,0,True,False,False,False,True
1684,1,1,23,101003,0,True,False,False,True,False
1685,1,0,25,112924,0,False,True,False,True,False
1686,1,0,28,108645,0,False,True,False,False,True
1687,0,0,41,69415,0,True,False,False,False,True
1688,1,0,50,112204,0,True,False,False,False,True
1689,1,1,23,109700,0,True,False,False,True,False
1690,1,1,26,104484,0,True,False,False,True,False
1691,1,1,22,61239,0,True,False,False,False,True
1692,0,0,37,119602,0,True,False,False,False,True
1693,1,0,38,81014,0,True,False,False,False,True
1694,1,1,22,68165,0,True,False,False,False,True
1695,1,0,30,88652,0,False,True,False,False,True
1696,0,0,38,75705,0,True,False,False,False,True
1697,1,1,36,104189,0,True,False,False,True,False
1698,0,0,41,71603,0,True,False,False,False,True
1699,1,1,29,121914,0,True,False,False,True,False
1700,1,1,31,106637,0,True,False,False,True,False
1701,1,0,31,99800,0,False,True,False,True,False
1702,1,0,21,67629,0,False,True,False,False,True
1703,0,0,32,120354,0,False,True,False,True,False
1704,1,1,35,122110,0,True,False,False,True,False
1705,0,0,29,89170,0,False,True,False,False,True
1706,1,0,34,109195,0,True,False,False,True,False
1707,1,0,38,92392,0,True,False,False,False,True
1708,1,1,33,43805,0,True,False,False,False,True
1709,1,1,28,68389,0,True,False,False,False,True
1710,1,1,28,112521,0,True,False,False,True,False
1711,0,0,21,59255,0,False,True,False,False,True
1712,1,1,29,98612,0,True,False,False,False,True
1713,1,1,26,70649,0,True,False,False,False,True
1714,1,0,40,95228,0,True,False,False,False,True
1715,1,0,25,46865,0,False,True,False,False,True
1716,0,1,20,101688,0,True,False,False,True,False
1717,1,1,23,62618,0,True,False,False,False,True
1718,1,0,27,102531,0,False,True,False,True,False
1719,1,0,36,100737,0,True,False,False,True,False
1720,1,1,25,107321,0,True,False,False,True,False
1721,1,1,25,112879,0,True,False,False,False,True
1722,1,1,34,125372,0,True,False,False,False,True
1723,1,0,24,69419,0,False,True,False,False,True
1724,1,0,36,124759,0,True,False,False,True,False
1725,1,0,40,79076,0,True,False,False,False,True
1726,0,0,39,84779,0,True,False,False,False,True
1727,1,0,42,77393,0,True,False,False,False,True
1728,0,0,35,113187,0,True,False,False,False,True
1729,1,1,27,99100,0,True,False,False,True,False
1730,0,0,27,64954,0,False,True,False,False,True
1731,1,1,23,103244,0,True,False,False,True,False
1732,1,1,32,124975,0,True,False,False,True,False
1733,0,1,28,133582,0,True,False,False,True,False
1734,0,0,22,103519,0,False,True,False,True,False
1735,0,0,31,117813,0,False,True,False,True,False
1736,1,1,22,119902,0,True,False,False,True,False
1737,0,0,23,70783,0,False,True,False,False,True
1738,1,1,35,125470,0,True,False,False,False,True
1739,1,1,26,109782,0,True,False,False,False,True
1740,1,1,28,78322,0,True,False,False,False,True
1741,0,0,54,125517,0,True,False,False,True,False
1742,1,0,49,102463,0,True,False,False,False,True
1743,1,0,38,89309,0,True,False,False,False,True
1744,1,0,47,110287,0,True,False,False,True,False
1745,1,0,49,122391,0,True,False,False,False,True
1746,1,1,30,116399,0,True,False,False,True,False
1747,1,0,32,81907,0,False,True,False,False,True
1748,1,1,24,97909,0,True,False,False,False,True
1749,1,0,25,68051,0,False,True,False,False,True
1750,0,0,33,82414,0,True,False,False,False,True
1751,1,1,34,123089,0,True,False,False,True,False
1752,1,1,24,66537,0,True,False,False,False,True
1753,1,0,36,127926,0,True,False,False,False,True
1754,1,0,41,78963,0,True,False,False,False,True
1755,0,1,33,108694,0,True,False,False,True,False
1756,1,1,26,100892,0,True,False,False,True,False
1757,1,0,36,119560,0,True,False,False,True,False
1758,1,0,35,116176,0,True,False,False,False,True
1759,0,0,29,111854,0,False,True,False,True,False
1760,1,1,26,69831,0,True,False,False,False,True
1761,0,0,31,69375,0,False,True,False,False,True
1762,0,1,26,71310,0,True,False,False,False,True
1763,0,0,47,73913,0,True,False,False,False,True
1764,0,1,20,95492,0,True,False,False,True,False
1765,0,0,45,109329,0,True,False,False,False,True
1766,0,0,36,116027,0,True,False,False,True,False
1767,0,1,31,81987,0,True,False,False,False,True
1768,1,0,41,83481,0,True,False,False,False,True
1769,1,0,31,72361,0,False,True,False,False,True
1770,1,1,27,106625,0,True,False,False,False,True
1771,1,1,32,123707,0,True,False,False,True,False
1772,1,0,43,79353,0,True,False,False,False,True
1773,1,0,32,68347,0,False,True,False,False,True
1774,1,1,29,115832,0,True,False,False,True,False
1775,0,0,37,89946,0,True,False,False,False,True
1776,1,0,35,86319,0,True,False,False,False,True
1777,1,1,23,70963,0,True,False,False,False,True
1778,0,0,40,106120,0,True,False,False,True,False
1779,1,1,26,97856,0,True,False,False,True,False
1780,0,0,28,61824,0,False,True,False,False,True
1781,1,1,40,103907,0,True,False,False,True,False
1782,1,1,26,99953,0,True,False,False,False,True
1783,1,1,23,113413,0,True,False,False,True,False
1784,0,0,26,107091,0,False,True,False,False,True
1785,0,0,26,124783,0,False,True,False,True,False
1786,1,0,49,92281,0,True,False,False,False,True
1787,1,1,26,96219,0,True,False,False,True,False
1788,1,0,35,86221,0,True,False,False,False,True
1789,1,1,24,80962,0,True,False,False,False,True
1790,1,0,46,78754,0,True,False,False,False,True
1791,0,0,26,60026,0,False,True,False,False,True
1792,0,0,47,88157,0,True,False,False,False,True
1793,0,0,27,59881,0,False,True,False,False,True
1794,0,1,41,112818,0,True,False,False,True,False
1795,1,1,29,102250,0,True,False,False,True,False
1796,1,1,28,38980,0,True,False,False,False,True
1797,1,1,33,81807,0,True,False,False,False,True
1798,1,0,50,93148,0,True,False,False,False,True
1799,1,1,32,108032,0,True,False,False,True,False
1800,0,1,31,89335,0,True,False,False,False,True
1801,0,0,52,95639,0,True,False,False,False,True
1802,0,0,53,124902,0,True,False,False,True,False
1803,1,1,34,87801,0,True,False,False,False,True
1804,1,1,22,92538,0,True,False,False,True,False
1805,0,1,33,83687,0,True,False,False,False,True
1806,0,0,32,128310,0,False,True,False,True,False
1807,1,0,45,104754,0,True,False,False,False,True
1808,0,1,25,68222,0,True,False,False,False,True
1809,1,1,41,97006,0,True,False,False,False,True
1810,1,0,36,107372,0,True,False,False,False,True
1811,1,1,27,110511,0,True,False,False,True,False
1812,0,0,40,72193,0,True,False,False,False,True
1813,1,0,37,95972,0,True,False,False,False,True
1814,0,0,35,105556,0,True,False,False,False,True
1815,0,0,34,88701,0,True,False,False,False,True
1816,1,0,28,117710,0,False,True,False,True,False
1817,1,0,44,76057,0,True,False,False,False,True
1818,0,1,27,100392,0,True,False,False,True,False
1819,1,0,50,113308,0,True,False,False,True,False
1820,1,1,18,100924,0,True,False,False,True,False
1821,1,0,25,72188,0,False,True,False,False,True
1822,1,1,40,70431,0,True,False,False,False,True
1823,0,1,28,110103,0,True,False,False,True,False
1824,1,1,23,60825,0,True,False,False,False,True
1825,1,1,35,75100,0,True,False,False,False,True
1826,1,1,28,129327,0,True,False,False,True,False
1827,1,0,23,95541,0,False,True,False,True,False
1828,0,1,34,112777,0,True,False,False,True,False
1829,1,1,29,51496,0,True,False,False,False,True
1830,1,0,35,102781,0,True,False,False,True,False
1831,1,1,32,87494,0,True,False,False,False,True
1832,1,0,46,72728,0,True,False,False,False,True
1833,1,1,27,114775,0,True,False,False,True,False
1834,1,1,25,124359,0,True,False,False,True,False
1835,1,1,27,101620,0,True,False,False,False,True
1836,1,1,24,87964,0,True,False,False,False,True
1837,1,0,33,69523,0,False,True,False,False,True
1838,1,1,24,109486,0,True,False,False,True,False
1839,1,0,28,77206,0,False,True,False,False,True
1840,1,0,35,53608,0,True,False,False,False,True
1841,1,1,30,118677,0,True,False,False,True,False
1842,0,0,43,116512,0,True,False,False,True,False
1843,0,1,21,114756,0,True,False,False,False,True
1844,1,1,24,65852,0,True,False,False,False,True
1845,0,0,34,75626,0,True,False,False,False,True
1846,1,1,26,127455,0,True,False,False,True,False
1847,0,0,37,107073,0,True,False,False,True,False
1848,1,1,32,82196,0,True,False,False,False,True
1849,1,1,33,106741,0,True,False,False,False,True
1850,0,1,28,94518,0,True,False,False,True,False
1851,1,1,30,114430,0,True,False,False,True,False
1852,1,1,26,57165,0,True,False,False,False,True
1853,1,0,25,109610,0,False,True,False,False,True
1854,0,0,33,113619,0,False,True,False,True,False
1855,1,1,30,93854,0,True,False,False,True,False
1856,1,1,26,129022,0,True,False,False,True,False
1857,0,1,23,66804,0,True,False,False,False,True
1858,0,1,25,62689,0,True,False,False,False,True
1859,1,0,40,67619,0,True,False,False,False,True
1860,0,0,46,113495,0,True,False,False,False,True
1861,1,1,43,48632,0,True,False,False,False,True
1862,1,1,22,107394,0,True,False,False,False,True
1863,0,1,39,72385,0,True,False,False,False,True
1864,1,1,27,115934,0,True,False,False,False,True
1865,0,0,40,93183,0,True,False,False,False,True
1866,0,0,24,63506,0,False,True,False,False,True
1867,1,0,52,113619,0,True,False,False,True,False
1868,1,1,30,121399,0,True,False,False,False,True
1869,1,1,34,78281,0,True,False,False,False,True
1870,1,0,38,103926,0,True,False,False,True,False
1871,0,1,39,89097,0,True,False,False,False,True
1872,1,0,29,80852,0,False,True,False,False,True
1873,0,1,25,65207,0,True,False,False,False,True
1874,1,1,35,93495,0,True,False,False,False,True
1875,0,0,53,121970,0,True,False,False,False,True
1876,0,0,26,62027,0,False,True,False,False,True
1877,0,0,33,88602,0,True,False,False,False,True
1878,0,1,29,89914,0,True,False,False,False,True
1879,0,0,39,83342,0,True,False,False,False,True
1880,0,0,29,103439,0,False,True,False,True,False
1881,0,0,26,115451,0,False,True,False,True,False
1882,0,0,24,68250,0,False,True,False,False,True
1883,1,1,21,113630,0,True,False,False,False,True
1884,1,1,26,125880,0,True,False,False,True,False
1885,1,1,20,91177,0,True,False,False,False,True
1886,1,0,35,73266,0,True,False,False,False,True
1887,1,1,24,69021,0,True,False,False,False,True
1888,1,0,40,122593,0,True,False,False,True,False
1889,1,0,44,122180,0,True,False,False,True,False
1890,0,0,29,75160,0,False,True,False,False,True
1891,1,1,39,81973,0,True,False,False,False,True
1892,1,1,35,92194,0,True,False,False,False,True
1893,0,0,42,107380,0,True,False,False,False,True
1894,1,0,32,98023,0,True,False,False,True,False
1895,0,0,48,94868,0,True,False,False,False,True
1896,0,0,26,83442,0,False,True,False,False,True
1897,1,1,26,109887,0,True,False,False,True,False
1898,0,0,42,98876,0,True,False,False,False,True
1899,0,0,48,94962,0,True,False,False,False,True
1900,1,1,42,130740,0,True,False,False,True,False
1901,1,1,27,94095,0,True,False,False,False,True
1902,1,1,37,95071,0,True,False,False,False,True
1903,0,0,33,117308,0,False,True,False,True,False
1904,0,0,33,112093,0,True,False,False,True,False
1905,1,0,37,123893,0,True,False,False,True,False
1906,1,1,31,80189,0,True,False,False,False,True
1907,0,0,39,124089,0,True,False,False,True,False
1908,1,0,40,82673,0,True,False,False,False,True
1909,1,1,28,88858,0,True,False,False,False,True
1910,1,1,26,80540,0,True,False,False,False,True
1911,1,1,24,84228,0,True,False,False,False,True
1912,0,0,40,103963,0,True,False,False,True,False
1913,1,1,29,102397,0,True,False,False,True,False
1914,0,0,43,111563,0,True,False,False,True,False
1915,0,0,23,88260,0,False,True,False,False,True
1916,1,0,34,114767,0,True,False,False,True,False
1917,1,1,42,113275,0,True,False,False,True,False
1918,1,1,33,104755,0,True,False,False,True,False
1919,1,1,32,120525,0,True,False,False,True,False
1920,1,1,26,96082,0,True,False,False,False,True
1921,1,1,23,87227,0,True,False,False,False,True
1922,1,1,26,69333,0,True,False,False,False,True
1923,1,1,27,87777,0,True,False,False,False,True
1924,0,0,24,70978,0,False,True,False,False,True
1925,0,0,27,104196,0,False,True,False,False,True
1926,1,1,26,97551,0,True,False,False,True,False
1927,1,0,42,78979,0,True,False,False,False,True
1928,1,0,37,82500,0,True,False,False,False,True
1929,1,1,26,86306,0,True,False,False,False,True
1930,1,1,24,78762,0,True,False,False,False,True
1931,1,0,39,125543,0,True,False,False,True,False
1932,0,0,26,70336,0,False,True,False,False,True
1933,0,1,35,112975,0,True,False,False,True,False
1934,0,0,38,96681,0,True,False,False,False,True
1935,1,1,24,98922,0,True,False,False,True,False
1936,1,0,26,109250,0,False,True,False,True,False
1937,0,0,25,108960,0,False,True,False,False,True
1938,0,0,40,71302,0,True,False,False,False,True
1939,1,0,48,107757,0,True,False,False,False,True
1940,1,1,22,111600,0,True,False,False,True,False
1941,1,1,25,102974,0,True,False,False,True,False
1942,0,1,24,63442,0,True,False,False,False,True
1943,0,0,39,118913,0,True,False,False,False,True
1944,0,0,39,80987,0,True,False,False,False,True
1945,1,1,21,68790,0,True,False,False,False,True
1946,1,0,27,86462,0,False,True,False,False,True
1947,0,0,40,76881,0,True,False,False,False,True
1948,1,1,37,107409,0,True,False,False,True,False
1949,1,0,42,69114,0,True,False,False,False,True
1950,1,1,31,119167,0,True,False,False,True,False
1951,1,1,31,102018,0,True,False,False,True,False
1952,0,0,30,97680,0,False,True,False,True,False
1953,1,0,23,65062,0,False,True,False,False,True
1954,0,0,33,118144,0,False,True,False,True,False
1955,1,1,37,124548,0,True,False,False,True,False
1956,1,0,29,85637,0,False,True,False,False,True
1957,1,0,31,113108,0,True,False,False,True,False
1958,0,0,39,93554,0,True,False,False,False,True
1959,1,1,33,42516,0,True,False,False,False,True
1960,0,1,26,72429,0,True,False,False,False,True
1961,1,1,27,110154,0,True,False,False,True,False
1962,1,0,20,60965,0,False,True,False,False,True
1963,1,1,27,100618,0,True,False,False,False,True
1964,1,1,26,71021,0,True,False,False,False,True
1965,0,0,40,94189,0,True,False,False,False,True
1966,0,0,24,44742,0,False,True,False,False,True
1967,1,1,22,103201,0,True,False,False,True,False
1968,1,1,24,62335,0,True,False,False,False,True
1969,1,0,27,103787,0,False,True,False,True,False
1970,0,0,35,99401,0,True,False,False,True,False
1971,0,1,27,105197,0,True,False,False,True,False
1972,1,1,25,115566,0,True,False,False,False,True
1973,1,1,34,125843,0,True,False,False,False,True
1974,1,0,24,67936,0,False,True,False,False,True
1975,1,0,34,120863,0,True,False,False,True,False
1976,0,0,42,77317,0,True,False,False,False,True
1977,1,0,38,84653,0,True,False,False,False,True
1978,0,0,42,81606,0,True,False,False,False,True
1979,1,0,35,113380,0,True,False,False,False,True
1980,1,1,27,100644,0,True,False,False,True,False
1981,0,0,25,64037,0,False,True,False,False,True
1982,1,1,23,101350,0,True,False,False,True,False
1983,1,1,34,126334,0,True,False,False,True,False
1984,1,1,28,130877,0,True,False,False,True,False
1985,0,0,21,103470,0,False,True,False,True,False
1986,1,0,32,114588,0,False,True,False,True,False
1987,1,1,21,120682,0,True,False,False,True,False
1988,0,0,25,66628,0,False,True,False,False,True
1989,1,1,35,124447,0,True,False,False,False,True
1990,1,1,25,106567,0,True,False,False,False,True
1991,1,1,31,78758,0,True,False,False,False,True
1992,0,0,54,128537,0,True,False,False,True,False
1993,1,0,51,101074,0,True,False,False,False,True
1994,1,0,38,87670,0,True,False,False,False,True
1995,0,0,45,113414,0,True,False,False,True,False
1996,1,0,47,123525,0,True,False,False,False,True
1997,1,1,27,117744,0,True,False,False,True,False
1998,0,0,31,86400,0,False,True,False,False,True
1999,1,1,24,97968,0,True,False,False,False,True
2000,0,0,25,68416,0,False,True,False,False,True
